customer_id,customer_num,age,gender,membership_tier_encoded,education_level_encoded,satisfaction_level_encoded,income,income_log,income_bin,total_purchases,purchase_per_day,frequent_buyer,price,price_boxcox,loyalty_points,days_since_signup,days_since_last_purchase,purchased,region_East,region_North,region_South,region_West,category_Clothing,category_Electronics,category_Furniture,category_Grocery,category_Other
CUST-0001,1,42.0,Male,1,0.0,0.0,47536.17,10.769267210324436,1,6.0,0.00314,1,264.3,1.1086088393706646,1591.0,1911,490,1,False,False,True,False,False,False,False,False,True
CUST-0002,2,33.0,Male,2,1.0,1.0,77221.25,11.254442906922876,3,5.0,0.00411,1,119.92,-0.23057871353895149,4425.0,1217,28,1,False,True,False,False,False,True,False,False,False
CUST-0004,4,53.0,Male,2,2.0,1.0,54174.65,10.899986824486712,2,3.0,0.00223,0,44.94,-1.4240693965474025,4298.0,1343,425,0,False,False,True,False,True,False,False,False,False
CUST-0005,5,52.0,Female,2,1.0,1.0,81447.74,11.307729144297276,3,3.0,0.01442,0,206.89,0.6502122811452071,1213.0,208,-2,0,True,False,False,False,False,False,False,False,True
CUST-0006,6,28.0,Male,0,1.0,2.0,75707.37,11.23464400134505,2,4.0,0.01294,0,150.19,0.11114045070097057,2023.0,309,320,1,False,False,True,False,False,True,False,False,False
CUST-0008,8,64.0,Female,0,2.0,2.0,35651.97,10.481587732330285,0,5.0,0.00243,1,206.89,0.6502122811452071,177.0,2055,565,1,False,True,False,False,False,False,False,False,True
CUST-0009,9,62.0,Male,0,3.0,2.0,106450.72,11.575446828011662,3,1.0,0.00146,0,29.54,-1.8140604695749496,1919.0,687,436,1,False,True,False,False,False,True,False,False,False
CUST-0010,10,59.0,Female,0,2.0,2.0,36971.51,10.517929942512184,0,6.0,0.00359,1,206.89,0.6502122811452071,2951.0,1669,357,1,False,False,True,False,False,False,False,False,True
CUST-0011,11,64.0,Female,2,2.0,1.0,30757.21,10.333912229468597,0,8.0,0.20513,1,150.71,0.1166172313806438,1515.0,39,-9,0,False,False,False,True,True,False,False,False,False
CUST-0012,12,54.0,Other,0,3.0,1.0,33429.9,10.417235900978168,0,6.0,0.2069,1,204.17,0.6266250911835551,1104.0,29,237,1,False,True,False,False,False,False,True,False,False
CUST-0013,13,56.0,Female,1,3.0,1.0,31547.67,10.359286711771766,0,3.0,0.00276,0,60.52,-1.107540342476158,692.0,1085,519,1,False,True,False,False,False,False,False,False,True
CUST-0014,14,42.0,Female,1,2.0,2.0,39592.01,10.586407866510424,0,4.0,0.00268,0,150.71,0.1166172313806438,633.0,1491,312,1,False,False,True,False,True,False,False,False,False
CUST-0015,15,38.0,Male,0,1.0,2.0,110719.86,11.614767538162372,3,3.0,0.00212,0,138.6,-0.014127246310786693,4210.0,1413,133,1,False,False,True,False,False,True,False,False,False
CUST-0016,16,30.0,Female,2,2.0,2.0,44964.57,10.713652364794456,1,7.0,0.00866,1,119.92,-0.23057871353895149,2807.0,808,515,0,True,False,False,False,False,True,False,False,False
CUST-0017,17,59.0,Male,0,2.0,2.0,52641.42,10.871277537586867,1,3.0,0.00173,0,104.51,-0.42556984306638385,3554.0,1738,277,1,False,False,True,False,False,False,False,True,False
CUST-0018,18,23.0,Female,0,2.0,1.0,86009.99,11.362230357768784,3,6.0,0.00313,1,217.71,0.7421744274485946,2379.0,1917,7,1,False,False,False,True,True,False,False,False,False
CUST-0019,19,56.0,Male,0,2.0,2.0,55898.69,10.93131411351064,2,3.0,0.00147,0,43.14,-1.464832726945993,1528.0,2034,175,1,True,False,False,False,True,False,False,False,False
CUST-0020,20,55.0,Male,1,2.0,0.0,146724.39,11.89631802345674,3,4.0,0.00504,0,21.27,-2.0790963663289834,3168.0,793,116,0,False,False,False,True,False,False,True,False,False
CUST-0021,21,36.0,Female,0,1.0,1.0,41237.54,10.627128534982388,1,4.0,0.01198,0,53.54,-1.2421732626578335,1811.0,334,37,0,False,False,False,True,True,False,False,False,False
CUST-0022,22,24.0,Female,1,1.0,1.0,33723.04,10.425966215140784,0,4.0,0.00295,0,266.85,1.127457866592304,1606.0,1356,29,1,False,True,False,False,False,False,False,True,False
CUST-0023,23,62.0,Female,2,1.0,0.0,22215.32,10.008582432916027,0,3.0,0.00272,0,267.28,1.1306252570913728,22.0,1104,154,0,False,True,False,False,True,False,False,False,False
CUST-0025,25,23.0,Female,0,2.0,2.0,23108.38,10.04799387469565,0,3.0,0.0023,0,132.88,-0.07836532558550861,4420.0,1302,559,1,False,True,False,False,False,False,True,False,False
CUST-0026,26,34.0,Male,0,2.0,2.0,93603.67,11.446835554383455,3,5.0,0.00388,1,264.3,1.1086088393706646,1805.0,1288,127,0,False,False,False,True,False,False,False,False,True
CUST-0027,27,53.0,Other,2,2.0,1.0,34053.48,10.43571687414172,0,5.0,0.00245,1,217.71,0.7421744274485946,27.0,2037,349,0,False,True,False,False,True,False,False,False,False
CUST-0028,28,45.0,Other,0,3.0,1.0,64032.19,11.067156821668542,2,2.0,0.00164,0,217.71,0.7421744274485946,3741.0,1221,94,0,False,True,False,False,True,False,False,False,False
CUST-0029,29,51.0,Male,2,3.0,2.0,128147.24,11.760942997792327,3,3.0,0.00332,0,161.88,0.2315263753626682,471.0,903,230,0,False,False,False,True,False,False,False,True,False
CUST-0030,30,30.0,Female,0,2.0,1.0,36612.08,10.50816083259467,0,6.0,0.00508,1,188.03,0.48246628692143856,4479.0,1182,309,0,False,False,True,False,True,False,False,False,False
CUST-0031,31,36.0,Female,2,2.0,1.0,28529.83,10.258740535968043,0,3.0,0.0023,0,264.3,1.1086088393706646,4629.0,1305,261,0,False,False,False,True,False,False,False,False,True
CUST-0032,32,33.0,Male,1,3.0,2.0,53817.18,10.893366607283987,1,1.0,0.00261,0,264.3,1.1086088393706646,418.0,383,5,0,False,False,True,False,False,False,False,False,True
CUST-0033,33,24.0,Female,2,0.0,1.0,75101.11,11.226603933229715,2,5.0,0.01057,1,188.03,0.48246628692143856,2771.0,473,328,0,False,True,False,False,True,False,False,False,False
CUST-0034,34,38.0,Male,0,2.0,1.0,52364.07,10.865995044977096,1,4.0,4.0,0,111.87,-0.33035305512573704,2242.0,0,119,0,False,True,False,False,False,False,True,False,False
CUST-0035,35,44.0,Male,0,1.0,2.0,39647.48,10.587807890893115,0,3.0,0.00213,0,43.14,-1.464832726945993,1771.0,1410,453,1,True,False,False,False,True,False,False,False,False
CUST-0036,36,46.0,Male,2,2.0,2.0,64024.87,11.067042499417418,2,7.0,0.28,1,33.62,-1.7003165040093486,4126.0,25,521,1,True,False,False,False,False,True,False,False,False
CUST-0037,37,27.0,Male,2,1.0,1.0,39445.71,10.582705926091633,0,0.0,0.0,0,324.97,1.529723956881845,3221.0,1075,37,0,False,False,True,False,False,False,False,True,False
CUST-0038,38,34.0,Female,2,1.0,2.0,104367.32,11.555681460105069,3,7.0,0.00834,1,150.19,0.11114045070097057,4034.0,839,108,1,False,False,False,True,False,True,False,False,False
CUST-0039,39,63.0,Male,0,2.0,1.0,30672.09,10.331141001951853,0,3.0,-0.04545,0,132.88,-0.07836532558550861,1155.0,-66,108,0,True,False,False,False,False,False,True,False,False
CUST-0040,40,18.0,Male,2,3.0,1.0,61291.24,11.023408523372709,2,5.0,0.08772,1,43.14,-1.464832726945993,3078.0,57,42,0,False,True,False,False,True,False,False,False,False
CUST-0041,41,23.0,Male,0,1.0,0.0,40960.0,10.620375673477872,1,2.0,0.00152,0,204.17,0.6266250911835551,2311.0,1315,560,1,True,False,False,False,False,False,True,False,False
CUST-0042,42,23.0,Other,2,2.0,1.0,50395.05,10.827668077972262,1,0.0,-0.0,0,132.88,-0.07836532558550861,1266.0,-69,129,0,False,False,True,False,False,False,True,False,False
CUST-0043,43,61.0,Male,2,2.0,2.0,86136.95,11.363705359857303,3,4.0,0.0105,0,460.3,2.3177482848145123,451.0,381,99,1,False,False,False,True,False,False,False,False,True
CUST-0044,44,53.0,Female,0,1.0,0.0,37208.93,10.524330940124171,0,3.0,0.00242,0,80.07,-0.7756420864794006,2553.0,1241,302,0,False,False,True,False,False,True,False,False,False
CUST-0045,45,22.0,Male,0,2.0,1.0,42825.13,10.664903709300713,1,5.0,0.00792,1,217.71,0.7421744274485946,1419.0,631,338,1,False,True,False,False,True,False,False,False,False
CUST-0046,46,30.0,Male,2,2.0,2.0,60792.19,11.015233055102106,2,6.0,0.0043,1,119.84,-0.23154939440384975,1206.0,1395,571,1,False,True,False,False,False,True,False,False,False
CUST-0047,47,48.0,Female,2,2.0,1.0,113800.63,11.64221212394613,3,5.0,-0.05102,1,161.88,0.2315263753626682,969.0,-98,280,1,False,False,False,True,False,False,False,True,False
CUST-0048,48,42.0,Male,0,2.0,1.0,109451.63,11.603247131899407,3,6.0,0.00948,1,29.54,-1.8140604695749496,2576.0,633,221,0,False,False,False,True,False,True,False,False,False
CUST-0049,49,30.0,Female,2,2.0,1.0,107207.2,11.582528017230747,3,4.0,0.00659,0,111.87,-0.33035305512573704,4331.0,607,489,1,False,False,False,True,False,False,True,False,False
CUST-0050,50,56.0,Female,2,2.0,1.0,48469.51,10.78871085075642,1,2.0,0.00252,0,110.25,-0.3509681363940098,51.0,794,394,1,False,False,True,False,False,False,True,False,False
CUST-0051,51,43.0,Male,1,0.0,1.0,47351.26,10.76536982714785,1,4.0,-0.03774,0,119.92,-0.23057871353895149,1403.0,-106,20,1,False,False,False,True,False,True,False,False,False
CUST-0052,52,50.0,Male,0,3.0,1.0,74035.13,11.2123084962776,2,6.0,0.00346,1,185.1,0.45547808526688227,3964.0,1735,550,0,False,False,False,True,False,True,False,False,False
CUST-0053,53,44.0,Male,2,1.0,0.0,38093.73,10.547831231337696,0,4.0,0.00331,0,204.17,0.6266250911835551,4474.0,1209,376,1,True,False,False,False,False,False,True,False,False
CUST-0054,54,50.0,Other,0,2.0,1.0,102226.13,11.534952381406084,3,3.0,0.00175,0,119.92,-0.23057871353895149,3794.0,1716,78,1,False,False,True,False,False,True,False,False,False
CUST-0055,55,43.0,Female,0,0.0,1.0,53671.2,10.890650455573537,1,5.0,0.00272,1,267.28,1.1306252570913728,2921.0,1838,226,1,False,False,True,False,True,False,False,False,False
CUST-0056,56,33.0,Male,0,1.0,2.0,56178.14,10.9363007926023,2,6.0,0.003,1,86.16,-0.6827850488118706,4121.0,2003,348,1,False,True,False,False,False,True,False,False,False
CUST-0057,57,20.0,Female,1,2.0,1.0,51619.4,10.851672222177104,1,3.0,0.00163,0,21.27,-2.0790963663289834,3089.0,1837,383,0,False,False,False,True,False,False,True,False,False
CUST-0058,58,25.0,Male,0,3.0,1.0,64034.94,11.067199767224594,2,7.0,0.01346,1,161.88,0.2315263753626682,1556.0,520,299,1,False,True,False,False,False,False,False,True,False
CUST-0059,59,51.0,Other,2,1.0,2.0,44048.61,10.69307177774965,1,5.0,0.00386,1,356.69,1.7305070076293008,2326.0,1295,372,1,True,False,False,False,False,False,False,False,True
CUST-0060,60,26.0,Male,0,3.0,2.0,32768.62,10.3972571456537,0,4.0,0.00407,0,141.97,0.02294869817582517,4202.0,984,394,1,False,False,True,False,True,False,False,False,False
CUST-0061,61,57.0,Female,1,2.0,0.0,28802.28,10.268244548528079,0,6.0,0.54545,1,267.28,1.1306252570913728,3512.0,11,126,0,False,True,False,False,True,False,False,False,False
CUST-0063,63,42.0,Male,0,1.0,1.0,43241.81,10.674586255765597,1,2.0,0.00112,0,356.69,1.7305070076293008,2621.0,1783,136,0,False,True,False,False,False,False,False,False,True
CUST-0064,64,43.0,Male,2,2.0,1.0,45014.93,10.71477170610924,1,4.0,0.0037,0,119.86,-0.23130668634521534,2505.0,1081,571,1,False,False,False,True,False,False,False,True,False
CUST-0065,65,61.0,Male,2,3.0,1.0,38462.91,10.557475678041893,0,5.0,0.01754,1,43.14,-1.464832726945993,1298.0,285,568,1,False,True,False,False,True,False,False,False,False
CUST-0066,66,42.0,Female,1,1.0,1.0,62683.84,11.045874911102105,2,3.0,0.00541,0,264.3,1.1086088393706646,961.0,555,104,0,False,True,False,False,False,False,False,False,True
CUST-0067,67,42.0,Female,2,3.0,2.0,85231.63,11.353139620719476,3,5.0,0.00558,1,204.17,0.6266250911835551,4142.0,896,570,1,True,False,False,False,False,False,True,False,False
CUST-0069,69,32.0,Female,2,2.0,1.0,100401.41,11.51694148993574,3,3.0,0.00671,0,185.1,0.45547808526688227,1383.0,447,224,1,True,False,False,False,False,True,False,False,False
CUST-0070,70,57.0,Female,0,2.0,2.0,89981.34,11.407368707836081,3,2.0,-0.09091,0,111.87,-0.33035305512573704,2825.0,-22,63,0,False,False,True,False,False,False,True,False,False
CUST-0071,71,23.0,Female,2,1.0,1.0,159663.53,11.980830205589474,3,6.0,0.00416,1,250.34,1.0033566439336192,3061.0,1444,194,0,False,False,False,True,True,False,False,False,False
CUST-0072,72,61.0,Other,1,1.0,1.0,51626.17,10.85180336327824,1,5.0,0.00402,1,119.84,-0.23154939440384975,1203.0,1245,577,1,False,False,False,True,False,True,False,False,False
CUST-0073,73,36.0,Male,2,2.0,0.0,33723.04,10.425966215140784,0,6.0,0.00465,1,188.03,0.48246628692143856,3544.0,1289,203,1,True,False,False,False,True,False,False,False,False
CUST-0074,74,57.0,Male,2,1.0,0.0,47972.04,10.778394465429551,1,6.0,0.00347,1,21.27,-2.0790963663289834,1426.0,1729,140,0,False,True,False,False,False,False,True,False,False
CUST-0076,76,22.0,Female,2,0.0,1.0,39327.31,10.57969989475943,0,3.0,-0.02632,0,188.03,0.48246628692143856,1748.0,-114,474,0,False,True,False,False,True,False,False,False,False
CUST-0077,77,52.0,Female,0,1.0,2.0,20314.93,9.91916058635505,0,2.0,0.00136,0,132.88,-0.07836532558550861,4578.0,1471,442,0,False,False,False,True,False,False,True,False,False
CUST-0078,78,50.0,Female,2,2.0,1.0,159663.53,11.980830205589474,3,3.0,0.01003,0,204.17,0.6266250911835551,3796.0,299,37,0,False,False,True,False,False,False,True,False,False
CUST-0080,80,53.0,Male,2,3.0,2.0,114616.95,11.649359702759956,3,4.0,0.00217,0,267.28,1.1306252570913728,4784.0,1841,336,1,True,False,False,False,True,False,False,False,False
CUST-0081,81,19.0,Other,0,1.0,1.0,124013.66,11.728155063405506,3,2.0,0.01379,0,264.3,1.1086088393706646,1865.0,145,310,0,False,True,False,False,False,False,False,False,True
CUST-0082,82,19.0,Male,0,1.0,0.0,63644.36,11.061081702663744,2,4.0,0.00917,0,110.25,-0.3509681363940098,202.0,436,454,1,False,False,False,True,False,False,True,False,False
CUST-0083,83,45.0,Female,2,2.0,1.0,58432.82,10.97565011078611,2,3.0,-0.04225,0,206.89,0.6502122811452071,1309.0,-71,470,1,False,True,False,False,False,False,False,False,True
CUST-0084,84,51.0,Male,2,2.0,2.0,39457.5,10.583004765676186,0,3.0,0.00247,0,53.54,-1.2421732626578335,3624.0,1215,14,1,False,True,False,False,True,False,False,False,False
CUST-0085,85,50.0,Female,2,3.0,2.0,27591.14,10.225286228538279,0,3.0,0.00811,0,138.6,-0.014127246310786693,4146.0,370,391,0,True,False,False,False,False,True,False,False,False
CUST-0086,86,49.0,Male,2,1.0,1.0,102167.14,11.534375166467226,3,4.0,0.00625,0,33.62,-1.7003165040093486,4408.0,640,451,1,False,False,True,False,False,True,False,False,False
CUST-0087,87,20.0,Male,0,2.0,1.0,30028.46,10.309934178797716,0,2.0,0.00758,0,86.16,-0.6827850488118706,2251.0,264,407,0,False,True,False,False,False,True,False,False,False
CUST-0088,88,40.0,Male,2,3.0,2.0,71577.12,11.178544719655461,2,4.0,0.003,0,264.3,1.1086088393706646,2664.0,1334,159,0,True,False,False,False,False,False,False,False,True
CUST-0089,89,28.0,Male,2,1.0,1.0,93040.32,11.440798974538165,3,6.0,0.00881,1,60.52,-1.107540342476158,1495.0,681,262,1,False,True,False,False,False,False,False,False,True
CUST-0091,91,43.0,Male,2,2.0,2.0,110917.27,11.616548902781542,3,7.0,0.00581,1,161.88,0.2315263753626682,1841.0,1205,154,1,False,False,False,True,False,False,False,True,False
CUST-0093,93,21.0,Male,0,2.0,2.0,68293.6,11.131585979475702,2,5.0,0.0057,1,119.86,-0.23130668634521534,538.0,877,61,1,False,False,False,True,False,False,False,True,False
CUST-0094,94,19.0,Male,1,2.0,1.0,112609.71,11.63169210561747,3,2.0,0.00199,0,324.97,1.529723956881845,1248.0,1006,63,0,True,False,False,False,False,False,False,True,False
CUST-0095,95,19.0,Female,0,1.0,1.0,25743.23,10.155965803312828,0,6.0,0.00371,1,111.87,-0.33035305512573704,3465.0,1617,355,1,True,False,False,False,False,False,True,False,False
CUST-0096,96,33.0,Male,0,2.0,1.0,32253.87,10.381424318575334,0,7.0,0.01116,1,141.97,0.02294869817582517,2735.0,627,414,0,True,False,False,False,True,False,False,False,False
CUST-0097,97,51.0,Female,0,1.0,0.0,76949.38,11.250916077526437,3,6.0,0.00656,1,138.6,-0.014127246310786693,1240.0,915,326,1,False,False,False,True,False,True,False,False,False
CUST-0098,98,51.0,Male,0,2.0,1.0,138882.79,11.841392819268362,3,4.0,0.00207,0,86.16,-0.6827850488118706,3552.0,1929,249,0,False,False,True,False,False,True,False,False,False
CUST-0100,100,29.0,Female,0,2.0,1.0,97678.0,11.489441871221945,3,2.0,0.00298,0,60.52,-1.107540342476158,1535.0,672,214,0,False,True,False,False,False,False,False,False,True
CUST-0101,101,31.0,Male,0,3.0,2.0,46810.79,10.753890373255372,1,5.0,0.02083,1,266.85,1.127457866592304,1025.0,240,136,1,True,False,False,False,False,False,False,True,False
CUST-0102,102,55.0,Female,0,1.0,1.0,75525.53,11.23223926424233,2,5.0,0.08929,1,150.71,0.1166172313806438,4307.0,56,534,0,False,False,True,False,True,False,False,False,False
CUST-0104,104,40.0,Female,1,1.0,1.0,63315.38,11.055899342430173,2,4.0,0.00334,0,110.25,-0.3509681363940098,4573.0,1196,594,0,False,False,True,False,False,False,True,False,False
CUST-0105,105,35.0,Male,1,2.0,1.0,33409.09,10.416613229151425,0,7.0,0.00393,1,217.71,0.7421744274485946,1716.0,1779,180,1,False,True,False,False,True,False,False,False,False
CUST-0106,106,27.0,Male,2,2.0,2.0,46012.04,10.736680113559732,1,4.0,0.00501,0,161.88,0.2315263753626682,2909.0,798,424,0,False,False,False,True,False,False,False,True,False
CUST-0107,107,47.0,Female,0,2.0,1.0,43514.33,10.680868568786723,1,4.0,0.00722,0,204.17,0.6266250911835551,1689.0,554,327,1,False,True,False,False,False,False,True,False,False
CUST-0108,108,61.0,Female,2,2.0,1.0,60503.74,11.010476988057396,2,3.0,0.00161,0,460.3,2.3177482848145123,3353.0,1866,120,1,False,False,True,False,False,False,False,False,True
CUST-0109,109,21.0,Male,2,0.0,2.0,38203.71,10.55071408542336,0,2.0,0.00909,0,324.97,1.529723956881845,2216.0,220,-5,1,False,True,False,False,False,False,False,True,False
CUST-0110,110,48.0,Female,2,3.0,2.0,64356.68,11.072211553222296,2,3.0,0.00275,0,185.1,0.45547808526688227,902.0,1090,519,1,False,False,False,True,False,True,False,False,False
CUST-0111,111,56.0,Female,0,0.0,1.0,17712.13,9.78206145146803,0,4.0,0.00245,0,267.28,1.1306252570913728,4459.0,1632,120,0,False,True,False,False,True,False,False,False,False
CUST-0112,112,42.0,Female,0,2.0,1.0,69878.97,11.154534334940516,2,5.0,0.00306,1,21.27,-2.0790963663289834,2426.0,1632,16,1,False,True,False,False,False,False,True,False,False
CUST-0114,114,42.0,Male,0,3.0,2.0,50809.62,10.835860666835707,1,4.0,0.06897,0,33.62,-1.7003165040093486,2910.0,58,603,1,True,False,False,False,False,True,False,False,False
CUST-0115,115,19.0,Male,2,1.0,1.0,12441.96,9.42891028011162,0,3.0,0.0023,0,204.17,0.6266250911835551,1276.0,1304,56,1,False,True,False,False,False,False,True,False,False
CUST-0116,116,59.0,Female,2,1.0,2.0,68750.35,11.138251651699663,2,3.0,0.0022,0,80.07,-0.7756420864794006,2182.0,1362,100,0,False,False,True,False,False,True,False,False,False
CUST-0117,117,19.0,Female,0,2.0,0.0,37095.23,10.52127062618147,0,5.0,0.00269,1,119.86,-0.23130668634521534,349.0,1859,206,1,True,False,False,False,False,False,False,True,False
CUST-0118,118,46.0,Female,1,2.0,1.0,76949.38,11.250916077526437,3,2.0,0.22222,0,267.28,1.1306252570913728,22.0,9,608,1,False,False,True,False,True,False,False,False,False
CUST-0119,119,34.0,Female,0,1.0,1.0,107207.2,11.582528017230747,3,3.0,0.01648,0,266.85,1.127457866592304,3652.0,182,269,1,False,False,True,False,False,False,False,True,False
CUST-0120,120,61.0,Male,1,3.0,1.0,47712.4,10.77296755985698,1,6.0,0.00837,1,119.86,-0.23130668634521534,4055.0,717,301,0,False,True,False,False,False,False,False,True,False
CUST-0121,121,42.0,Female,0,0.0,0.0,1500.0,7.313886831633462,0,5.0,0.03497,1,53.54,-1.2421732626578335,503.0,143,0,1,False,True,False,False,True,False,False,False,False
CUST-0122,122,43.0,Female,2,2.0,1.0,91094.34,11.41966192936013,3,5.0,0.00468,1,21.27,-2.0790963663289834,4139.0,1068,389,1,False,False,True,False,False,False,True,False,False
CUST-0123,123,53.0,Female,2,2.0,1.0,52213.43,10.863114172450732,1,4.0,-0.10811,0,161.88,0.2315263753626682,1813.0,-37,219,1,True,False,False,False,False,False,False,True,False
CUST-0124,124,28.0,Female,1,1.0,1.0,15754.69,9.664956848852812,0,3.0,0.00156,0,29.54,-1.8140604695749496,4100.0,1926,57,1,False,False,False,True,False,True,False,False,False
CUST-0125,125,27.0,Female,1,2.0,1.0,39502.12,10.58413493511165,0,4.0,0.0028,0,138.6,-0.014127246310786693,3936.0,1431,491,1,False,True,False,False,False,True,False,False,False
CUST-0126,126,22.0,Male,0,1.0,0.0,40651.0,10.612803314257658,0,4.0,0.00781,0,43.14,-1.464832726945993,4732.0,512,251,0,True,False,False,False,True,False,False,False,False
CUST-0127,127,46.0,Female,0,1.0,0.0,79658.32,11.285514320420015,3,2.0,0.00099,0,43.14,-1.464832726945993,1013.0,2024,246,0,False,False,False,True,True,False,False,False,False
CUST-0128,128,34.0,Female,2,2.0,1.0,155928.32,11.957158106638236,3,4.0,0.00295,0,33.62,-1.7003165040093486,4214.0,1356,285,0,True,False,False,False,False,True,False,False,False
CUST-0129,129,52.0,Female,0,1.0,1.0,45196.66,10.71880059456871,1,1.0,0.00322,0,60.52,-1.107540342476158,1245.0,311,393,0,True,False,False,False,False,False,False,False,True
CUST-0130,130,59.0,Male,2,2.0,2.0,132914.9,11.797471876371368,3,6.0,0.00726,1,150.71,0.1166172313806438,4009.0,827,577,1,False,True,False,False,True,False,False,False,False
CUST-0132,132,48.0,Female,2,0.0,0.0,57713.17,10.963258002935468,2,4.0,0.00194,0,266.85,1.127457866592304,3114.0,2064,102,1,False,False,False,True,False,False,False,True,False
CUST-0133,133,32.0,Female,0,2.0,1.0,72807.94,11.195594028843008,2,6.0,0.00373,1,324.97,1.529723956881845,3374.0,1610,133,1,False,False,False,True,False,False,False,True,False
CUST-0134,134,19.0,Female,0,1.0,1.0,38602.92,10.561109104700767,0,4.0,0.00305,0,95.42,-0.549125484431216,3917.0,1311,250,0,False,False,False,True,False,False,False,False,True
CUST-0135,135,32.0,Female,1,0.0,0.0,17712.13,9.78206145146803,0,1.0,0.00077,0,254.97,1.0386611249015703,4193.0,1296,362,1,True,False,False,False,False,True,False,False,False
CUST-0136,136,19.0,Male,2,2.0,1.0,71577.12,11.178544719655461,2,8.0,0.01515,1,460.3,2.3177482848145123,1668.0,528,-7,1,True,False,False,False,False,False,False,False,True
CUST-0137,137,54.0,Female,0,3.0,1.0,28041.51,10.241476852120902,0,5.0,0.01534,1,104.51,-0.42556984306638385,1933.0,326,256,0,False,False,False,True,False,False,False,True,False
CUST-0138,138,18.0,Male,0,1.0,1.0,61295.66,11.023480634306111,2,8.0,0.02721,1,119.92,-0.23057871353895149,2268.0,294,487,1,False,False,False,True,False,True,False,False,False
CUST-0139,139,21.0,Male,2,2.0,1.0,24478.2,10.105579056353706,0,7.0,0.00881,1,206.89,0.6502122811452071,1358.0,795,225,1,True,False,False,False,False,False,False,False,True
CUST-0140,140,25.0,Female,0,1.0,1.0,96126.31,11.473428737728563,3,6.0,0.02941,1,104.32,-0.4280823963268105,4155.0,204,412,1,True,False,False,False,False,False,False,False,True
CUST-0141,141,50.0,Male,0,2.0,1.0,43515.7,10.680900051448914,1,6.0,0.00773,1,267.28,1.1306252570913728,2153.0,776,68,0,False,True,False,False,True,False,False,False,False
CUST-0143,143,53.0,Female,0,2.0,1.0,72041.68,11.185014000152623,2,2.0,0.00178,0,29.54,-1.8140604695749496,4886.0,1123,312,0,False,False,True,False,False,True,False,False,False
CUST-0144,144,48.0,Male,1,2.0,2.0,34499.03,10.44871547258429,0,3.0,0.05769,0,356.69,1.7305070076293008,1969.0,52,594,0,False,False,True,False,False,False,False,False,True
CUST-0145,145,62.0,Female,2,1.0,2.0,41614.72,10.63623325948433,1,4.0,0.00358,0,356.69,1.7305070076293008,3586.0,1116,360,0,True,False,False,False,False,False,False,False,True
CUST-0146,146,28.0,Female,2,2.0,1.0,49816.88,10.81612923471927,1,0.0,0.0,0,86.16,-0.6827850488118706,3987.0,123,146,0,False,True,False,False,False,True,False,False,False
CUST-0147,147,47.0,Female,0,3.0,0.0,57155.46,10.9535476987054,2,6.0,0.00592,1,119.84,-0.23154939440384975,3443.0,1014,-10,1,False,False,True,False,False,True,False,False,False
CUST-0148,148,42.0,Male,0,2.0,1.0,81415.62,11.307334708053542,3,4.0,0.00281,0,141.97,0.02294869817582517,794.0,1422,477,1,False,False,False,True,True,False,False,False,False
CUST-0149,149,61.0,Male,2,2.0,1.0,67028.77,11.112892128046699,2,4.0,0.00735,0,86.16,-0.6827850488118706,633.0,544,238,1,False,False,False,True,False,True,False,False,False
CUST-0150,150,57.0,Female,1,3.0,2.0,1500.0,7.313886831633462,0,3.0,0.0015,0,161.88,0.2315263753626682,112.0,2004,218,0,True,False,False,False,False,False,False,True,False
CUST-0152,152,55.0,Male,0,1.0,1.0,43346.16,10.676996466798471,1,6.0,0.00489,1,185.1,0.45547808526688227,4967.0,1227,60,0,False,True,False,False,False,True,False,False,False
CUST-0153,153,30.0,Female,2,2.0,1.0,62542.58,11.04361887273774,2,2.0,0.00149,0,150.19,0.11114045070097057,2403.0,1344,429,0,True,False,False,False,False,True,False,False,False
CUST-0154,154,62.0,Female,2,2.0,0.0,17983.34,9.797256658208658,0,5.0,0.00242,1,460.3,2.3177482848145123,536.0,2064,337,0,False,False,False,True,False,False,False,False,True
CUST-0155,155,53.0,Male,0,3.0,0.0,74791.24,11.222469415265351,2,1.0,0.00076,0,104.32,-0.4280823963268105,777.0,1323,419,1,False,False,True,False,False,False,False,False,True
CUST-0156,156,52.0,Female,2,3.0,2.0,100356.73,11.516496381651418,3,2.0,0.00212,0,217.71,0.7421744274485946,551.0,944,588,1,False,False,True,False,True,False,False,False,False
CUST-0157,157,36.0,Male,2,3.0,1.0,30647.26,10.330331169769194,0,3.0,0.00355,0,29.54,-1.8140604695749496,2773.0,844,365,0,False,False,False,True,False,True,False,False,False
CUST-0159,159,49.0,Female,0,1.0,1.0,77680.62,11.260373957536626,3,3.0,0.00218,0,44.94,-1.4240693965474025,931.0,1374,139,0,False,True,False,False,True,False,False,False,False
CUST-0160,160,33.0,Female,0,2.0,1.0,81511.92,11.308516814272142,3,5.0,0.01199,1,102.98,-0.4458840092588805,1291.0,417,88,0,False,False,True,False,False,True,False,False,False
CUST-0161,161,43.0,Male,0,2.0,2.0,55019.54,10.91546184904327,2,6.0,0.02013,1,111.87,-0.33035305512573704,4330.0,298,589,1,True,False,False,False,False,False,True,False,False
CUST-0162,162,36.0,Male,2,1.0,1.0,58033.65,10.968795524941081,2,4.0,0.0023,0,206.89,0.6502122811452071,2361.0,1739,403,1,False,False,False,True,False,False,False,False,True
CUST-0163,163,32.0,Female,0,2.0,2.0,41353.62,10.629939423352077,1,4.0,0.00657,0,138.6,-0.014127246310786693,4017.0,609,282,1,False,False,False,True,False,True,False,False,False
CUST-0164,164,56.0,Female,0,3.0,0.0,74763.07,11.222092700965122,2,2.0,0.00365,0,110.25,-0.3509681363940098,2581.0,548,159,1,True,False,False,False,False,False,True,False,False
CUST-0165,165,21.0,Male,1,0.0,1.0,41614.72,10.63623325948433,1,5.0,0.01712,1,102.98,-0.4458840092588805,1836.0,292,106,1,True,False,False,False,False,True,False,False,False
CUST-0166,166,42.0,Male,1,1.0,2.0,66608.29,11.106599336290216,2,7.0,0.01781,1,43.14,-1.464832726945993,3796.0,393,548,1,True,False,False,False,True,False,False,False,False
CUST-0167,167,62.0,Female,1,3.0,0.0,45243.63,10.719839268052603,1,7.0,0.00526,1,21.27,-2.0790963663289834,4342.0,1332,545,1,False,False,True,False,False,False,True,False,False
CUST-0168,168,55.0,Male,2,2.0,0.0,26858.54,10.198376344092903,0,5.0,0.00625,1,104.32,-0.4280823963268105,873.0,800,583,0,False,True,False,False,False,False,False,False,True
CUST-0169,169,30.0,Male,0,1.0,2.0,41141.7,10.62480179061103,1,4.0,0.00206,0,266.85,1.127457866592304,419.0,1945,326,1,False,False,False,True,False,False,False,True,False
CUST-0170,170,19.0,Female,0,1.0,0.0,39672.97,10.588450584125042,0,4.0,0.01739,0,33.62,-1.7003165040093486,3712.0,230,48,1,False,True,False,False,False,True,False,False,False
CUST-0172,172,28.0,Male,1,2.0,2.0,29319.22,10.286032659383078,0,3.0,0.00283,0,95.42,-0.549125484431216,3057.0,1059,207,1,False,False,True,False,False,False,False,False,True
CUST-0173,173,64.0,Male,1,2.0,1.0,57487.25,10.959335858077493,2,7.0,0.00419,1,254.97,1.0386611249015703,1886.0,1672,-5,0,False,True,False,False,False,True,False,False,False
CUST-0174,174,60.0,Female,2,0.0,0.0,81658.25,11.310310380408172,3,1.0,0.00276,0,356.69,1.7305070076293008,3377.0,362,126,1,False,False,False,True,False,False,False,False,True
CUST-0175,175,54.0,Male,1,3.0,1.0,40847.11,10.61761583238794,0,5.0,0.06173,1,206.89,0.6502122811452071,2842.0,81,473,1,False,False,True,False,False,False,False,False,True
CUST-0176,176,21.0,Female,0,3.0,2.0,114479.94,11.648163625237853,3,6.0,0.02113,1,110.25,-0.3509681363940098,181.0,284,412,1,True,False,False,False,False,False,True,False,False
CUST-0177,177,40.0,Female,0,1.0,1.0,108019.51,11.590076395483635,3,6.0,0.025,1,21.27,-2.0790963663289834,2032.0,240,267,1,False,False,False,True,False,False,True,False,False
CUST-0178,178,23.0,Female,0,1.0,0.0,22786.69,10.03397575685671,0,5.0,0.00437,1,267.28,1.1306252570913728,3705.0,1143,188,1,False,True,False,False,True,False,False,False,False
CUST-0179,179,29.0,Male,0,3.0,2.0,140048.5,11.849751210528366,3,3.0,0.0021,0,264.3,1.1086088393706646,2202.0,1430,141,1,False,False,True,False,False,False,False,False,True
CUST-0180,180,37.0,Female,0,1.0,2.0,54204.11,10.90053046342642,2,5.0,0.00255,1,138.6,-0.014127246310786693,4927.0,1959,117,0,False,True,False,False,False,True,False,False,False
CUST-0181,181,53.0,Male,0,0.0,0.0,84769.1,11.347698165264372,3,6.0,0.00452,1,206.89,0.6502122811452071,612.0,1326,34,1,True,False,False,False,False,False,False,False,True
CUST-0182,182,52.0,Male,0,1.0,0.0,45829.45,10.732703996350883,1,4.0,0.00228,0,356.69,1.7305070076293008,3624.0,1758,31,1,False,False,True,False,False,False,False,False,True
CUST-0183,183,57.0,Male,0,2.0,1.0,77500.46,11.25805205387367,3,2.0,0.0011,0,29.54,-1.8140604695749496,3207.0,1821,123,0,False,False,False,True,False,True,False,False,False
CUST-0184,184,29.0,Male,2,0.0,1.0,64081.0,11.067918792241455,2,7.0,0.00632,1,119.92,-0.23057871353895149,4464.0,1108,388,1,False,False,True,False,False,True,False,False,False
CUST-0186,186,42.0,Male,0,3.0,2.0,40989.53,10.621096343397715,1,5.0,0.00756,1,60.52,-1.107540342476158,1085.0,661,37,0,False,False,False,True,False,False,False,False,True
CUST-0187,187,54.0,Male,2,3.0,0.0,58893.72,10.983506722157966,2,5.0,0.00261,1,161.88,0.2315263753626682,2971.0,1918,309,1,False,True,False,False,False,False,False,True,False
CUST-0188,188,61.0,Male,2,1.0,1.0,107755.81,11.58763220782499,3,2.0,0.00515,0,119.84,-0.23154939440384975,4866.0,388,500,1,False,True,False,False,False,True,False,False,False
CUST-0189,189,19.0,Female,1,3.0,2.0,50745.5,10.834597929008561,1,6.0,0.00396,1,86.16,-0.6827850488118706,833.0,1514,203,0,False,False,False,True,False,True,False,False,False
CUST-0190,190,44.0,Male,2,2.0,0.0,50919.7,10.838024799631055,1,3.0,0.025,0,264.3,1.1086088393706646,3763.0,120,490,0,False,False,True,False,False,False,False,False,True
CUST-0191,191,39.0,Female,2,1.0,2.0,32046.7,10.374980696903224,0,4.0,0.00338,0,110.25,-0.3509681363940098,2939.0,1185,410,1,False,False,False,True,False,False,True,False,False
CUST-0192,192,34.0,Male,0,2.0,1.0,73946.48,11.2111103904792,2,4.0,0.01266,0,188.03,0.48246628692143856,1135.0,316,503,0,True,False,False,False,True,False,False,False,False
CUST-0193,193,63.0,Female,1,3.0,1.0,61135.9,11.020870890855477,2,7.0,0.06306,1,267.28,1.1306252570913728,3214.0,111,529,1,False,True,False,False,True,False,False,False,False
CUST-0194,194,31.0,Female,0,1.0,0.0,60449.61,11.00958194697631,2,4.0,0.0036,0,264.3,1.1086088393706646,2208.0,1112,55,0,False,False,True,False,False,False,False,False,True
CUST-0195,195,33.0,Male,0,2.0,0.0,86568.75,11.368705726369218,3,3.0,0.00383,0,21.27,-2.0790963663289834,4911.0,783,84,1,False,False,True,False,False,False,True,False,False
CUST-0196,196,60.0,Female,2,3.0,1.0,37807.0,10.540275999426688,0,5.0,0.0034,1,119.84,-0.23154939440384975,251.0,1470,304,1,True,False,False,False,False,True,False,False,False
CUST-0197,197,41.0,Female,0,2.0,0.0,31808.19,10.367510520728322,0,3.0,0.00511,0,138.6,-0.014127246310786693,2200.0,587,412,1,False,True,False,False,False,True,False,False,False
CUST-0198,198,20.0,Male,1,1.0,1.0,57728.19,10.963518217123358,2,2.0,0.002,0,250.34,1.0033566439336192,3493.0,998,315,0,True,False,False,False,True,False,False,False,False
CUST-0199,199,33.0,Male,1,1.0,1.0,42230.13,10.65091290579874,1,6.0,0.00719,1,141.97,0.02294869817582517,4907.0,835,-2,1,False,False,True,False,True,False,False,False,False
CUST-0200,200,29.0,Female,0,3.0,2.0,46739.09,10.752357533636566,1,3.0,0.00744,0,206.89,0.6502122811452071,1570.0,403,554,1,False,False,False,True,False,False,False,False,True
CUST-0202,202,42.0,Male,0,2.0,1.0,29850.63,10.303994723695034,0,5.0,0.00518,1,104.32,-0.4280823963268105,4653.0,966,412,1,False,False,False,True,False,False,False,False,True
CUST-0203,203,36.0,Female,1,3.0,0.0,39340.5,10.58003522034681,0,5.0,0.05319,1,60.52,-1.107540342476158,3699.0,94,448,0,True,False,False,False,False,False,False,False,True
CUST-0204,204,63.0,Female,0,1.0,0.0,28055.96,10.241992008514343,0,1.0,0.0006,0,111.87,-0.33035305512573704,1006.0,1679,203,1,False,True,False,False,False,False,True,False,False
CUST-0205,205,41.0,Male,0,3.0,1.0,200514.98,12.208649223300954,3,3.0,0.00171,0,254.97,1.0386611249015703,915.0,1754,561,0,False,True,False,False,False,True,False,False,False
CUST-0206,206,44.0,Female,0,3.0,2.0,74439.1,11.217750054119067,2,5.0,0.01613,1,33.62,-1.7003165040093486,4195.0,310,534,0,True,False,False,False,False,True,False,False,False
CUST-0207,207,34.0,Female,0,1.0,0.0,102490.55,11.537535635137926,3,5.0,0.09804,1,138.6,-0.014127246310786693,300.0,51,55,1,False,False,True,False,False,True,False,False,False
CUST-0208,208,42.0,Female,0,1.0,2.0,81840.75,11.312542783583597,3,6.0,0.075,1,104.32,-0.4280823963268105,2711.0,80,271,1,False,False,False,True,False,False,False,False,True
CUST-0210,210,51.0,Male,2,1.0,0.0,51795.49,10.85507766533396,1,2.0,0.00152,0,356.69,1.7305070076293008,3670.0,1314,465,1,False,False,False,True,False,False,False,False,True
CUST-0211,211,63.0,Male,0,1.0,1.0,37643.14,10.535932577023935,0,7.0,0.00496,1,150.19,0.11114045070097057,937.0,1410,438,1,True,False,False,False,False,True,False,False,False
CUST-0212,212,59.0,Female,2,1.0,1.0,95883.03,11.470894719371312,3,5.0,0.00279,1,141.97,0.02294869817582517,1945.0,1790,233,0,False,True,False,False,True,False,False,False,False
CUST-0213,213,28.0,Female,1,2.0,2.0,45949.87,10.735328061228099,1,5.0,-0.04762,1,119.84,-0.23154939440384975,1555.0,-105,518,1,False,True,False,False,False,True,False,False,False
CUST-0214,214,57.0,Female,0,0.0,2.0,80574.96,11.296955620978162,3,1.0,0.00054,0,132.88,-0.07836532558550861,858.0,1863,396,0,False,False,True,False,False,False,True,False,False
CUST-0215,215,49.0,Female,1,3.0,1.0,57625.82,10.961743363314302,2,8.0,0.00565,1,33.62,-1.7003165040093486,4573.0,1417,346,1,False,False,False,True,False,True,False,False,False
CUST-0216,216,40.0,Female,0,1.0,1.0,110579.0,11.613494519891924,3,8.0,-0.47059,1,266.85,1.127457866592304,1811.0,-17,66,1,False,True,False,False,False,False,False,True,False
CUST-0218,218,35.0,Female,2,2.0,2.0,166148.7,12.02064446818376,3,7.0,0.05,1,161.88,0.2315263753626682,3638.0,140,184,1,True,False,False,False,False,False,False,True,False
CUST-0219,219,19.0,Male,1,1.0,2.0,67978.06,11.126954995558153,2,6.0,0.00305,1,53.54,-1.2421732626578335,4288.0,1968,269,1,False,False,False,True,True,False,False,False,False
CUST-0220,220,23.0,Female,1,2.0,0.0,70077.79,11.157375459479479,2,1.0,0.00167,0,264.3,1.1086088393706646,2914.0,600,26,1,False,False,True,False,False,False,False,False,True
CUST-0221,221,40.0,Female,2,2.0,2.0,51282.58,10.845125901950263,1,4.0,0.00264,0,53.54,-1.2421732626578335,4654.0,1513,456,1,False,False,False,True,True,False,False,False,False
CUST-0222,222,39.0,Male,2,2.0,1.0,39089.76,10.573641400910613,0,4.0,0.00873,0,324.97,1.529723956881845,4146.0,458,156,0,False,True,False,False,False,False,False,True,False
CUST-0223,223,28.0,Female,1,2.0,1.0,49415.59,10.80804147675727,1,6.0,0.06186,1,217.71,0.7421744274485946,4401.0,97,16,0,False,False,False,True,True,False,False,False,False
CUST-0224,224,42.0,Male,2,1.0,2.0,67541.39,11.12051067975114,2,5.0,0.00746,1,80.07,-0.7756420864794006,3171.0,670,600,0,False,True,False,False,False,True,False,False,False
CUST-0225,225,29.0,Male,1,1.0,1.0,51842.14,10.855977900179463,1,5.0,0.02646,1,119.84,-0.23154939440384975,3093.0,189,430,1,False,False,True,False,False,True,False,False,False
CUST-0226,226,33.0,Male,1,2.0,1.0,50520.3,10.83015030851657,1,6.0,0.01045,1,44.94,-1.4240693965474025,455.0,574,590,1,False,True,False,False,True,False,False,False,False
CUST-0227,227,31.0,Other,0,3.0,1.0,70185.66,11.158913543466173,2,4.0,4.0,0,29.54,-1.8140604695749496,642.0,0,523,0,False,False,True,False,False,True,False,False,False
CUST-0228,228,53.0,Male,2,0.0,1.0,28059.39,10.242114252348175,0,3.0,0.00209,0,206.89,0.6502122811452071,4900.0,1435,285,0,False,False,True,False,False,False,False,False,True
CUST-0229,229,37.0,Female,0,2.0,1.0,65810.16,11.094544707795352,2,2.0,0.00102,0,119.84,-0.23154939440384975,2867.0,1959,259,0,False,False,True,False,False,True,False,False,False
CUST-0231,231,61.0,Female,1,1.0,1.0,49223.73,10.804151418474508,1,2.0,0.00121,0,266.85,1.127457866592304,3863.0,1652,521,0,False,False,False,True,False,False,False,True,False
CUST-0232,232,57.0,Male,2,3.0,2.0,51795.49,10.85507766533396,1,2.0,0.001,0,324.97,1.529723956881845,3018.0,1999,15,0,False,False,True,False,False,False,False,True,False
CUST-0233,233,42.0,Male,0,3.0,2.0,41226.96,10.626871945941796,1,5.0,0.00291,1,267.28,1.1306252570913728,4081.0,1717,369,0,False,False,True,False,True,False,False,False,False
CUST-0235,235,36.0,Male,0,2.0,0.0,136053.8,11.820813024735665,3,1.0,0.00128,0,29.54,-1.8140604695749496,23.0,782,353,1,False,True,False,False,False,True,False,False,False
CUST-0236,236,21.0,Other,0,2.0,1.0,32253.87,10.381424318575334,0,9.0,0.01503,1,264.3,1.1086088393706646,1178.0,599,104,0,False,True,False,False,False,False,False,False,True
CUST-0237,237,21.0,Male,0,3.0,1.0,59761.75,10.998137836150876,2,4.0,-0.0597,0,104.32,-0.4280823963268105,2818.0,-67,213,0,False,False,False,True,False,False,False,False,True
CUST-0238,238,27.0,Male,0,2.0,0.0,47740.22,10.773550454656366,1,3.0,-0.08333,0,104.51,-0.42556984306638385,778.0,-36,354,1,True,False,False,False,False,False,False,True,False
CUST-0239,239,43.0,Male,0,1.0,1.0,122725.05,11.717709914603647,3,4.0,0.00524,0,141.97,0.02294869817582517,2941.0,763,41,0,False,False,False,True,True,False,False,False,False
CUST-0240,240,64.0,Female,2,2.0,0.0,70343.2,11.1611556142255,2,4.0,0.00363,0,217.71,0.7421744274485946,4608.0,1101,606,1,False,False,False,True,True,False,False,False,False
CUST-0241,241,55.0,Female,0,2.0,1.0,39218.27,10.576923486624539,0,4.0,0.01878,0,206.89,0.6502122811452071,911.0,213,188,1,False,False,True,False,False,False,False,False,True
CUST-0242,242,44.0,Male,2,2.0,1.0,31792.98,10.367032242671113,0,2.0,0.00105,0,80.07,-0.7756420864794006,1548.0,1905,253,1,False,True,False,False,False,True,False,False,False
CUST-0243,243,20.0,Female,2,2.0,2.0,27260.31,10.213223759855238,0,2.0,0.00114,0,119.86,-0.23130668634521534,4415.0,1762,193,0,False,False,False,True,False,False,False,True,False
CUST-0246,246,29.0,Male,0,2.0,2.0,29915.2,10.306155418674958,0,8.0,0.00719,1,254.97,1.0386611249015703,3095.0,1112,138,1,True,False,False,False,False,True,False,False,False
CUST-0247,247,39.0,Female,1,0.0,1.0,33829.94,10.429131047377497,0,8.0,0.00791,1,111.87,-0.33035305512573704,244.0,1011,-3,1,False,False,False,True,False,False,True,False,False
CUST-0248,248,48.0,Female,0,2.0,2.0,59295.57,10.990306741828954,2,5.0,0.00906,1,266.85,1.127457866592304,1552.0,552,350,1,True,False,False,False,False,False,False,True,False
CUST-0249,249,29.0,Female,0,0.0,1.0,38407.44,10.556032506091835,0,4.0,0.0033,0,119.92,-0.23057871353895149,1561.0,1211,195,0,False,False,False,True,False,True,False,False,False
CUST-0250,250,56.0,Female,1,3.0,1.0,20138.41,9.910433870907996,0,3.0,0.00152,0,119.84,-0.23154939440384975,4871.0,1972,439,1,True,False,False,False,False,True,False,False,False
CUST-0251,251,42.0,Female,2,0.0,1.0,35659.38,10.481795547557775,0,1.0,0.00084,0,141.97,0.02294869817582517,349.0,1185,438,0,False,False,False,True,True,False,False,False,False
CUST-0252,252,52.0,Female,0,2.0,2.0,27443.94,10.219937094791037,0,2.0,0.00187,0,141.97,0.02294869817582517,4302.0,1070,124,1,False,True,False,False,True,False,False,False,False
CUST-0253,253,29.0,Male,1,3.0,0.0,72875.66,11.196523702124065,2,6.0,0.00358,1,111.87,-0.33035305512573704,3828.0,1674,118,1,False,True,False,False,False,False,True,False,False
CUST-0254,254,23.0,Female,0,1.0,0.0,52923.61,10.876623727057634,1,4.0,0.00576,0,250.34,1.0033566439336192,2756.0,694,403,0,False,False,True,False,True,False,False,False,False
CUST-0255,255,19.0,Other,0,3.0,2.0,42476.91,10.656739455082127,1,3.0,0.00153,0,104.32,-0.4280823963268105,1303.0,1959,150,0,True,False,False,False,False,False,False,False,True
CUST-0256,256,63.0,Male,0,2.0,2.0,68282.57,11.131424460251596,2,3.0,-0.05263,0,119.84,-0.23154939440384975,4585.0,-57,538,1,True,False,False,False,False,True,False,False,False
CUST-0257,257,25.0,Female,2,1.0,1.0,105915.47,11.570406043576202,3,4.0,-0.06061,0,43.14,-1.464832726945993,1538.0,-66,39,0,True,False,False,False,True,False,False,False,False
CUST-0258,258,52.0,Male,0,2.0,1.0,100319.51,11.516125439585883,3,3.0,0.0075,0,119.86,-0.23130668634521534,3674.0,400,12,1,False,False,True,False,False,False,False,True,False
CUST-0259,259,57.0,Female,2,1.0,1.0,114479.94,11.648163625237853,3,5.0,0.00247,1,110.25,-0.3509681363940098,2519.0,2026,421,0,False,False,False,True,False,False,True,False,False
CUST-0260,260,31.0,Female,2,3.0,0.0,43187.81,10.673336712900936,1,4.0,0.00839,0,102.98,-0.4458840092588805,2823.0,477,29,1,False,False,True,False,False,True,False,False,False
CUST-0261,261,38.0,Female,0,0.0,2.0,53009.62,10.878247549819887,1,6.0,0.01015,1,104.32,-0.4280823963268105,1395.0,591,526,1,True,False,False,False,False,False,False,False,True
CUST-0262,262,31.0,Female,0,3.0,2.0,27051.62,10.205539137255206,0,10.0,0.00981,1,119.86,-0.23130668634521534,2305.0,1019,401,0,False,False,True,False,False,False,False,True,False
CUST-0263,263,46.0,Female,0,2.0,2.0,70506.68,11.163476919037459,2,3.0,0.00284,0,119.84,-0.23154939440384975,4041.0,1056,-10,1,False,True,False,False,False,True,False,False,False
CUST-0264,264,21.0,Female,0,1.0,2.0,52939.38,10.876921653692618,1,4.0,0.00762,0,104.51,-0.42556984306638385,4584.0,525,453,1,False,False,True,False,False,False,False,True,False
CUST-0265,265,60.0,Male,2,2.0,2.0,128346.39,11.762495851071101,3,2.0,0.0202,0,95.42,-0.549125484431216,3848.0,99,438,1,False,True,False,False,False,False,False,False,True
CUST-0266,266,58.0,Female,0,0.0,1.0,184263.56,12.12412782999591,3,2.0,0.00847,0,80.07,-0.7756420864794006,270.0,236,344,0,True,False,False,False,False,True,False,False,False
CUST-0267,267,18.0,Male,2,1.0,1.0,52557.9,10.86968972447678,1,3.0,0.00545,0,60.52,-1.107540342476158,3508.0,550,433,0,False,False,True,False,False,False,False,False,True
CUST-0268,268,33.0,Female,0,0.0,2.0,35107.93,10.466210793050122,0,5.0,0.01016,1,267.28,1.1306252570913728,2055.0,492,21,0,False,True,False,False,True,False,False,False,False
CUST-0269,269,42.0,Other,0,2.0,2.0,58718.87,10.980533449389489,2,2.0,0.00113,0,254.97,1.0386611249015703,3017.0,1769,516,0,False,True,False,False,False,True,False,False,False
CUST-0270,270,21.0,Female,2,1.0,1.0,59642.36,10.996138105319917,2,4.0,0.03361,0,104.51,-0.42556984306638385,4937.0,119,562,0,True,False,False,False,False,False,False,True,False
CUST-0271,271,46.0,Female,0,1.0,1.0,41274.18,10.628016629772157,1,2.0,0.01852,0,266.85,1.127457866592304,3379.0,108,207,0,False,True,False,False,False,False,False,True,False
CUST-0272,272,27.0,Female,0,2.0,1.0,48599.56,10.791390332455945,1,6.0,0.00822,1,95.42,-0.549125484431216,1128.0,730,244,0,False,False,True,False,False,False,False,False,True
CUST-0273,273,35.0,Male,2,1.0,1.0,104037.96,11.5525207233573,3,7.0,0.00379,1,80.07,-0.7756420864794006,3579.0,1846,245,0,False,False,True,False,False,True,False,False,False
CUST-0274,274,62.0,Other,0,2.0,0.0,44869.06,10.71152603616548,1,3.0,0.00253,0,266.85,1.127457866592304,4660.0,1187,313,0,True,False,False,False,False,False,False,True,False
CUST-0275,275,24.0,Male,0,3.0,1.0,46565.37,10.74863388576209,1,5.0,0.03289,1,43.14,-1.464832726945993,1720.0,152,94,1,True,False,False,False,True,False,False,False,False
CUST-0276,276,19.0,Male,2,2.0,0.0,49679.33,10.813364359097376,1,1.0,0.00481,0,204.17,0.6266250911835551,696.0,208,302,1,False,True,False,False,False,False,True,False,False
CUST-0277,277,57.0,Female,0,2.0,2.0,42994.69,10.668855157093942,1,4.0,2.0,0,138.6,-0.014127246310786693,3307.0,2,562,1,False,False,False,True,False,True,False,False,False
CUST-0278,278,48.0,Female,1,3.0,1.0,65561.29,11.090755962083,2,4.0,0.01606,0,185.1,0.45547808526688227,1774.0,249,288,0,True,False,False,False,False,True,False,False,False
CUST-0281,281,64.0,Male,0,2.0,1.0,44449.59,10.702133514194793,1,4.0,0.00316,0,206.89,0.6502122811452071,4281.0,1265,220,1,False,False,True,False,False,False,False,False,True
CUST-0282,282,40.0,Female,0,1.0,0.0,61102.43,11.020323281063579,2,2.0,0.0098,0,111.87,-0.33035305512573704,689.0,204,74,1,False,False,True,False,False,False,True,False,False
CUST-0283,283,51.0,Male,2,3.0,2.0,27926.36,10.2373621324524,0,5.0,0.00284,1,138.6,-0.014127246310786693,445.0,1758,365,1,False,False,True,False,False,True,False,False,False
CUST-0284,284,40.0,Male,0,2.0,2.0,54622.37,10.908217092135741,2,2.0,0.01299,0,53.54,-1.2421732626578335,176.0,154,441,1,False,False,True,False,True,False,False,False,False
CUST-0285,285,30.0,Female,2,1.0,1.0,48750.13,10.794483655644532,1,6.0,0.03448,1,104.32,-0.4280823963268105,407.0,174,267,1,True,False,False,False,False,False,False,False,True
CUST-0286,286,41.0,Female,2,3.0,2.0,57462.53,10.958905764687358,2,4.0,0.0241,0,44.94,-1.4240693965474025,340.0,166,461,1,False,False,True,False,True,False,False,False,False
CUST-0287,287,56.0,Male,1,2.0,1.0,92125.94,11.430922687614554,3,5.0,0.00286,1,132.88,-0.07836532558550861,958.0,1746,385,0,False,False,True,False,False,False,True,False,False
CUST-0288,288,25.0,Female,2,0.0,0.0,22215.32,10.008582432916027,0,6.0,0.00399,1,104.51,-0.42556984306638385,987.0,1505,157,1,True,False,False,False,False,False,False,True,False
CUST-0289,289,62.0,Female,0,2.0,1.0,62220.35,11.03845346741972,2,5.0,0.01002,1,60.52,-1.107540342476158,4246.0,499,30,0,False,True,False,False,False,False,False,False,True
CUST-0290,290,42.0,Other,1,1.0,2.0,30797.77,10.335230033099306,0,2.0,0.00147,0,250.34,1.0033566439336192,2531.0,1356,166,1,True,False,False,False,True,False,False,False,False
CUST-0291,291,47.0,Female,2,2.0,1.0,66399.25,11.103456100517679,2,4.0,-0.04211,0,356.69,1.7305070076293008,3310.0,-95,134,1,False,True,False,False,False,False,False,False,True
CUST-0293,293,59.0,Male,2,0.0,1.0,41450.85,10.63228779165431,1,5.0,0.00337,1,80.07,-0.7756420864794006,1417.0,1485,598,1,False,True,False,False,False,True,False,False,False
CUST-0294,294,42.0,Male,0,2.0,0.0,47771.82,10.774212137507451,1,5.0,0.00246,1,185.1,0.45547808526688227,4703.0,2036,495,1,False,False,False,True,False,True,False,False,False
CUST-0295,295,39.0,Female,2,2.0,0.0,63421.83,11.057579170244027,2,4.0,0.01061,0,104.51,-0.42556984306638385,2664.0,377,311,0,False,False,False,True,False,False,False,True,False
CUST-0296,296,62.0,Male,2,1.0,1.0,116688.91,11.66727535352554,3,6.0,0.02372,1,95.42,-0.549125484431216,2069.0,253,371,1,True,False,False,False,False,False,False,False,True
CUST-0297,297,41.0,Male,0,0.0,2.0,43546.67,10.681611479127222,1,5.0,0.00415,1,119.86,-0.23130668634521534,1892.0,1205,526,1,False,False,True,False,False,False,False,True,False
CUST-0298,298,52.0,Male,0,1.0,0.0,109451.63,11.603247131899407,3,4.0,0.01325,0,44.94,-1.4240693965474025,2458.0,302,-2,1,False,True,False,False,True,False,False,False,False
CUST-0299,299,37.0,Other,0,3.0,1.0,65505.36,11.089902516146159,2,9.0,0.00612,1,80.07,-0.7756420864794006,1584.0,1471,213,1,False,True,False,False,False,True,False,False,False
CUST-0300,300,30.0,Female,0,2.0,1.0,47135.26,10.76079783520098,1,2.0,0.00165,0,185.1,0.45547808526688227,4245.0,1209,344,1,False,False,False,True,False,True,False,False,False
CUST-0301,301,23.0,Male,2,2.0,1.0,90619.15,11.414431873483498,3,3.0,0.0026,0,104.32,-0.4280823963268105,3604.0,1154,518,0,False,False,False,True,False,False,False,False,True
CUST-0302,302,41.0,Female,0,2.0,1.0,81518.6,11.308598761113224,3,4.0,0.00213,0,119.84,-0.23154939440384975,481.0,1881,254,0,False,False,True,False,False,True,False,False,False
CUST-0303,303,23.0,Male,0,3.0,2.0,53082.87,10.879628394605305,1,2.0,0.01093,0,119.86,-0.23130668634521534,548.0,183,112,0,False,True,False,False,False,False,False,True,False
CUST-0305,305,51.0,Female,1,1.0,1.0,26239.07,10.175042910737394,0,1.0,0.00114,0,356.69,1.7305070076293008,2971.0,878,489,1,False,False,True,False,False,False,False,False,True
CUST-0306,306,50.0,Female,0,2.0,2.0,78495.26,11.27080625932342,3,4.0,0.01143,0,21.27,-2.0790963663289834,676.0,350,390,1,False,True,False,False,False,False,True,False,False
CUST-0307,307,45.0,Male,0,1.0,1.0,36314.48,10.49999937563156,0,5.0,0.00245,1,44.94,-1.4240693965474025,4077.0,2044,300,1,False,False,False,True,True,False,False,False,False
CUST-0309,309,42.0,Male,0,2.0,2.0,30165.08,10.314473393316991,0,5.0,0.00342,1,217.71,0.7421744274485946,1139.0,1464,474,1,False,False,True,False,True,False,False,False,False
CUST-0310,310,62.0,Male,2,3.0,0.0,52082.72,10.86060770290298,1,6.0,0.00292,1,254.97,1.0386611249015703,904.0,2057,134,1,False,False,False,True,False,True,False,False,False
CUST-0311,311,45.0,Male,0,2.0,2.0,97066.02,11.483156946739824,3,6.0,0.00298,1,104.32,-0.4280823963268105,3417.0,2011,426,0,False,False,True,False,False,False,False,False,True
CUST-0312,312,53.0,Male,0,2.0,1.0,67075.2,11.113584565554964,2,9.0,0.00817,1,43.14,-1.464832726945993,3362.0,1101,554,1,False,False,False,True,True,False,False,False,False
CUST-0313,313,47.0,Female,2,2.0,2.0,41348.88,10.629824798392004,1,4.0,0.00306,0,206.89,0.6502122811452071,636.0,1306,582,0,False,True,False,False,False,False,False,False,True
CUST-0315,315,22.0,Female,0,2.0,1.0,49393.57,10.807595778106135,1,6.0,-0.23077,1,267.28,1.1306252570913728,2340.0,-26,131,0,False,False,False,True,True,False,False,False,False
CUST-0316,316,28.0,Female,2,1.0,2.0,47178.76,10.761720266047499,1,10.0,0.0211,1,250.34,1.0033566439336192,1492.0,474,106,1,False,False,False,True,True,False,False,False,False
CUST-0317,317,42.0,Male,2,3.0,1.0,29763.15,10.301059928149662,0,4.0,0.00364,0,254.97,1.0386611249015703,319.0,1100,228,1,False,True,False,False,False,True,False,False,False
CUST-0318,318,55.0,Male,0,2.0,1.0,94379.3,11.455087643914869,3,7.0,0.00439,1,254.97,1.0386611249015703,2081.0,1593,68,1,False,False,False,True,False,True,False,False,False
CUST-0319,319,42.0,Male,2,1.0,1.0,44334.62,10.699543696153002,1,6.0,-0.54545,1,356.69,1.7305070076293008,4797.0,-11,540,0,False,True,False,False,False,False,False,False,True
CUST-0320,320,31.0,Female,0,2.0,2.0,38278.65,10.552673702369397,0,1.0,0.00095,0,80.07,-0.7756420864794006,2953.0,1048,591,1,True,False,False,False,False,True,False,False,False
CUST-0321,321,20.0,Male,0,3.0,2.0,69846.62,11.15407129109101,2,3.0,0.00423,0,254.97,1.0386611249015703,2536.0,710,220,1,False,True,False,False,False,True,False,False,False
CUST-0322,322,24.0,Female,0,2.0,2.0,52154.24,10.861979934767588,1,1.0,0.00185,0,104.32,-0.4280823963268105,2733.0,540,531,1,False,False,False,True,False,False,False,False,True
CUST-0323,323,59.0,Female,2,2.0,2.0,32065.28,10.375560289700928,0,11.0,0.00552,1,150.71,0.1166172313806438,1086.0,1993,399,1,False,False,True,False,True,False,False,False,False
CUST-0324,324,42.0,Female,1,2.0,1.0,45871.07,10.733611714107337,1,5.0,0.02717,1,185.1,0.45547808526688227,4980.0,184,500,1,False,False,True,False,False,True,False,False,False
CUST-0325,325,35.0,Male,0,2.0,2.0,34998.18,10.46307991162567,0,3.0,0.00259,0,95.42,-0.549125484431216,4289.0,1159,475,0,True,False,False,False,False,False,False,False,True
CUST-0326,326,44.0,Female,0,2.0,0.0,59783.0,10.998493345610125,2,7.0,0.00669,1,110.25,-0.3509681363940098,1890.0,1046,217,1,False,False,True,False,False,False,True,False,False
CUST-0327,327,46.0,Male,2,2.0,0.0,43241.81,10.674586255765597,1,3.0,0.00172,0,86.16,-0.6827850488118706,3826.0,1745,418,1,True,False,False,False,False,True,False,False,False
CUST-0328,328,62.0,Other,1,3.0,1.0,21370.55,9.969815877269241,0,5.0,0.00388,1,21.27,-2.0790963663289834,1793.0,1289,345,1,False,False,True,False,False,False,True,False,False
CUST-0329,329,22.0,Male,0,2.0,1.0,21856.88,9.992316776240763,0,2.0,0.00262,0,217.71,0.7421744274485946,4255.0,763,376,1,False,False,True,False,True,False,False,False,False
CUST-0330,330,42.0,Male,1,2.0,0.0,92495.27,11.434923598363145,3,5.0,0.02809,1,150.71,0.1166172313806438,3116.0,178,259,1,False,False,False,True,True,False,False,False,False
CUST-0331,331,25.0,Other,1,1.0,1.0,23184.5,10.051282362260483,0,4.0,-0.05882,0,138.6,-0.014127246310786693,3404.0,-68,44,1,False,True,False,False,False,True,False,False,False
CUST-0332,332,60.0,Female,2,3.0,0.0,60183.87,11.005176270804856,2,7.0,0.01,1,29.54,-1.8140604695749496,3010.0,700,212,1,False,False,True,False,False,True,False,False,False
CUST-0333,333,49.0,Female,2,1.0,1.0,63221.63,11.054417585663575,2,1.0,-0.00885,0,254.97,1.0386611249015703,1159.0,-113,439,0,False,False,True,False,False,True,False,False,False
CUST-0334,334,48.0,Female,0,2.0,1.0,64711.1,11.077703480005038,2,2.0,0.00146,0,29.54,-1.8140604695749496,3463.0,1370,537,0,True,False,False,False,False,True,False,False,False
CUST-0335,335,42.0,Male,2,2.0,2.0,37149.3,10.52272712548342,0,4.0,0.0044,0,188.03,0.48246628692143856,3091.0,909,477,0,False,False,False,True,True,False,False,False,False
CUST-0336,336,42.0,Female,0,1.0,1.0,213573.41,12.271740575520393,3,5.0,0.00505,1,150.19,0.11114045070097057,167.0,990,472,1,False,False,True,False,False,True,False,False,False
CUST-0337,337,54.0,Other,0,2.0,2.0,35472.86,10.476551366205339,0,8.0,-0.08421,1,119.86,-0.23130668634521534,2668.0,-95,248,0,True,False,False,False,False,False,False,True,False
CUST-0338,338,25.0,Female,2,1.0,2.0,63468.46,11.058314124307808,2,4.0,0.01238,0,150.19,0.11114045070097057,1824.0,323,355,0,False,False,True,False,False,True,False,False,False
CUST-0339,339,48.0,Female,1,1.0,1.0,80636.27,11.297716228565463,3,3.0,0.0016,0,119.92,-0.23057871353895149,4538.0,1870,286,1,False,False,True,False,False,True,False,False,False
CUST-0340,340,42.0,Female,0,1.0,2.0,32046.7,10.374980696903224,0,4.0,0.00218,0,104.32,-0.4280823963268105,3897.0,1839,127,0,True,False,False,False,False,False,False,False,True
CUST-0341,341,47.0,Male,0,1.0,2.0,72771.5,11.195093415567564,2,4.0,0.00233,0,110.25,-0.3509681363940098,3658.0,1715,245,0,False,False,False,True,False,False,True,False,False
CUST-0342,342,43.0,Female,0,3.0,1.0,29760.42,10.300968202862464,0,3.0,-0.04762,0,264.3,1.1086088393706646,3167.0,-63,251,1,False,False,True,False,False,False,False,False,True
CUST-0343,343,34.0,Male,0,1.0,1.0,81840.75,11.312542783583597,3,5.0,0.00885,1,119.84,-0.23154939440384975,3975.0,565,399,1,False,False,False,True,False,True,False,False,False
CUST-0344,344,57.0,Female,2,2.0,1.0,62797.61,11.047688218453374,2,3.0,0.00606,0,138.6,-0.014127246310786693,1528.0,495,435,0,True,False,False,False,False,True,False,False,False
CUST-0345,345,36.0,Male,1,1.0,1.0,54219.68,10.900817664471615,2,2.0,0.00227,0,254.97,1.0386611249015703,1454.0,882,524,0,True,False,False,False,False,True,False,False,False
CUST-0346,346,30.0,Female,2,3.0,2.0,44869.06,10.71152603616548,1,5.0,0.00928,1,188.03,0.48246628692143856,1943.0,539,184,0,False,False,True,False,True,False,False,False,False
CUST-0347,347,42.0,Female,0,2.0,1.0,55331.2,10.921110296533103,2,3.0,0.00173,0,188.03,0.48246628692143856,4839.0,1739,133,0,False,True,False,False,True,False,False,False,False
CUST-0348,348,44.0,Male,2,0.0,2.0,27115.37,10.207892883538157,0,6.0,0.00348,1,44.94,-1.4240693965474025,3810.0,1726,436,1,True,False,False,False,True,False,False,False,False
CUST-0349,349,57.0,Female,0,2.0,1.0,53582.59,10.88899814346694,1,5.0,0.00493,1,110.25,-0.3509681363940098,2322.0,1014,112,1,False,False,True,False,False,False,True,False,False
CUST-0350,350,21.0,Female,0,3.0,1.0,98968.62,11.502568213336028,3,8.0,0.02046,1,141.97,0.02294869817582517,747.0,391,575,1,True,False,False,False,True,False,False,False,False
CUST-0351,351,47.0,Female,2,1.0,1.0,92353.02,11.433384514728708,3,5.0,0.00672,1,188.03,0.48246628692143856,435.0,744,140,0,False,False,False,True,True,False,False,False,False
CUST-0352,352,61.0,Female,0,0.0,1.0,65426.5,11.088697938361076,2,6.0,0.00569,1,266.85,1.127457866592304,833.0,1054,323,1,False,True,False,False,False,False,False,True,False
CUST-0353,353,27.0,Male,0,2.0,1.0,33668.89,10.424359245146517,0,6.0,0.85714,1,102.98,-0.4458840092588805,646.0,7,25,1,False,False,True,False,False,True,False,False,False
CUST-0354,354,28.0,Female,0,2.0,2.0,29559.08,10.294180081418421,0,6.0,0.01587,1,119.84,-0.23154939440384975,2732.0,378,389,1,False,False,False,True,False,True,False,False,False
CUST-0355,355,19.0,Male,0,2.0,0.0,65322.35,11.08710483174605,2,3.0,-0.04348,0,460.3,2.3177482848145123,239.0,-69,289,0,False,False,False,True,False,False,False,False,True
CUST-0356,356,35.0,Female,2,3.0,2.0,60273.67,11.006667228127707,2,6.0,0.07792,1,80.07,-0.7756420864794006,332.0,77,433,1,True,False,False,False,False,True,False,False,False
CUST-0357,357,59.0,Male,1,1.0,2.0,32579.16,10.391458793132314,0,3.0,0.00371,0,356.69,1.7305070076293008,2768.0,808,47,1,True,False,False,False,False,False,False,False,True
CUST-0358,358,46.0,Male,0,0.0,1.0,83664.0,11.334576008928673,3,7.0,0.00501,1,44.94,-1.4240693965474025,402.0,1398,264,1,False,False,False,True,True,False,False,False,False
CUST-0359,359,42.0,Female,2,3.0,1.0,105953.51,11.570765130039188,3,5.0,0.00449,1,44.94,-1.4240693965474025,4570.0,1114,227,0,True,False,False,False,True,False,False,False,False
CUST-0360,360,56.0,Male,0,0.0,1.0,52557.9,10.86968972447678,1,2.0,0.00149,0,356.69,1.7305070076293008,3033.0,1343,17,0,False,False,True,False,False,False,False,False,True
CUST-0361,361,60.0,Male,2,2.0,1.0,25097.37,10.130558182772123,0,0.0,0.0,0,324.97,1.529723956881845,1732.0,968,35,0,False,True,False,False,False,False,False,True,False
CUST-0363,363,50.0,Female,0,1.0,1.0,30419.76,10.322880549064644,0,5.0,-0.03968,1,206.89,0.6502122811452071,2785.0,-126,501,1,False,False,True,False,False,False,False,False,True
CUST-0364,364,25.0,Other,2,1.0,2.0,39380.68,10.581056012532516,0,3.0,0.00442,0,138.6,-0.014127246310786693,4269.0,679,485,0,True,False,False,False,False,True,False,False,False
CUST-0365,365,18.0,Male,2,1.0,1.0,43122.17,10.671815718650672,1,5.0,0.00263,1,95.42,-0.549125484431216,896.0,1902,94,1,False,False,False,True,False,False,False,False,True
CUST-0366,366,43.0,Female,2,1.0,1.0,134097.68,11.806331225820875,3,3.0,0.00155,0,185.1,0.45547808526688227,4964.0,1936,384,1,False,False,True,False,False,True,False,False,False
CUST-0367,367,40.0,Male,1,3.0,2.0,110388.43,11.611769665487879,3,3.0,0.0019,0,204.17,0.6266250911835551,118.0,1576,485,0,False,True,False,False,False,False,True,False,False
CUST-0368,368,26.0,Male,0,1.0,1.0,102249.46,11.535180572672434,3,2.0,0.0011,0,104.32,-0.4280823963268105,3243.0,1822,223,1,True,False,False,False,False,False,False,False,True
CUST-0369,369,54.0,Male,2,2.0,1.0,74340.95,11.216430674338536,2,6.0,-0.125,1,161.88,0.2315263753626682,2506.0,-48,481,1,False,False,False,True,False,False,False,True,False
CUST-0370,370,28.0,Female,2,1.0,0.0,50374.76,10.827265385983814,1,4.0,0.05063,0,141.97,0.02294869817582517,4814.0,79,572,0,False,False,False,True,True,False,False,False,False
CUST-0371,371,30.0,Male,0,2.0,2.0,34814.78,10.457826011261826,0,3.0,0.00262,0,86.16,-0.6827850488118706,304.0,1144,549,0,True,False,False,False,False,True,False,False,False
CUST-0372,372,49.0,Female,2,1.0,0.0,29054.8,10.276973398117418,0,4.0,0.00475,0,33.62,-1.7003165040093486,3192.0,842,573,1,True,False,False,False,False,True,False,False,False
CUST-0373,373,47.0,Female,2,2.0,1.0,61488.35,11.026619268067119,2,3.0,0.00264,0,119.86,-0.23130668634521534,3757.0,1137,323,0,False,False,False,True,False,False,False,True,False
CUST-0374,374,44.0,Male,0,0.0,1.0,86426.68,11.367063273854889,3,3.0,0.02885,0,119.92,-0.23057871353895149,2107.0,104,584,1,True,False,False,False,False,True,False,False,False
CUST-0375,375,29.0,Female,2,3.0,1.0,79887.8,11.288390946709878,3,3.0,0.00493,0,33.62,-1.7003165040093486,2948.0,609,244,1,False,False,True,False,False,True,False,False,False
CUST-0376,376,64.0,Female,1,3.0,0.0,46912.49,10.756060546338114,1,6.0,0.00654,1,217.71,0.7421744274485946,3741.0,917,301,1,False,True,False,False,True,False,False,False,False
CUST-0377,377,47.0,Male,2,1.0,0.0,73946.48,11.2111103904792,2,6.0,-0.04688,1,119.86,-0.23130668634521534,386.0,-128,505,1,False,True,False,False,False,False,False,True,False
CUST-0378,378,23.0,Other,2,1.0,1.0,55842.32,10.930305191256233,2,6.0,0.00418,1,95.42,-0.549125484431216,4196.0,1437,595,0,False,False,True,False,False,False,False,False,True
CUST-0379,379,24.0,Female,0,1.0,1.0,33365.84,10.415317871426904,0,4.0,0.0024,0,110.25,-0.3509681363940098,3385.0,1669,261,1,False,False,False,True,False,False,True,False,False
CUST-0380,380,53.0,Female,2,2.0,1.0,63458.27,11.058153561761852,2,6.0,0.4,1,324.97,1.529723956881845,2178.0,15,352,1,False,False,True,False,False,False,False,True,False
CUST-0382,382,64.0,Male,0,0.0,2.0,48011.16,10.77920959113989,1,2.0,0.00137,0,86.16,-0.6827850488118706,527.0,1464,425,1,False,False,True,False,False,True,False,False,False
CUST-0383,383,57.0,Female,0,2.0,2.0,56871.17,10.948561396773512,2,6.0,0.00549,1,33.62,-1.7003165040093486,847.0,1093,61,1,True,False,False,False,False,True,False,False,False
CUST-0385,385,57.0,Female,0,0.0,0.0,62565.3,11.043982073473762,2,4.0,0.00225,0,132.88,-0.07836532558550861,4643.0,1778,407,0,False,True,False,False,False,False,True,False,False
CUST-0386,386,33.0,Female,0,1.0,0.0,27306.53,10.214917767316381,0,1.0,0.00055,0,119.86,-0.23130668634521534,2485.0,1805,85,0,False,False,False,True,False,False,False,True,False
CUST-0387,387,28.0,Female,0,1.0,0.0,41078.04,10.623253294733408,1,5.0,0.00509,1,141.97,0.02294869817582517,1857.0,982,182,0,False,False,False,True,True,False,False,False,False
CUST-0388,388,38.0,Male,2,1.0,1.0,38947.21,10.569988093888568,0,5.0,0.00286,1,188.03,0.48246628692143856,369.0,1746,473,1,True,False,False,False,True,False,False,False,False
CUST-0389,389,26.0,Male,2,3.0,2.0,78330.43,11.268704206290648,3,3.0,0.00161,0,102.98,-0.4458840092588805,1961.0,1866,135,0,True,False,False,False,False,True,False,False,False
CUST-0390,390,47.0,Male,2,1.0,1.0,59929.11,11.000934328925267,2,7.0,0.02349,1,86.16,-0.6827850488118706,2593.0,298,273,1,True,False,False,False,False,True,False,False,False
CUST-0393,393,36.0,Male,1,2.0,2.0,77131.63,11.253281686622351,3,8.0,0.05161,1,161.88,0.2315263753626682,2907.0,155,461,1,False,False,False,True,False,False,False,True,False
CUST-0394,394,26.0,Female,2,2.0,1.0,48366.62,10.786585860554371,1,5.0,0.00354,1,460.3,2.3177482848145123,4110.0,1413,551,0,False,True,False,False,False,False,False,False,True
CUST-0395,395,32.0,Female,1,1.0,1.0,56717.45,10.945854833611175,2,3.0,0.02308,0,132.88,-0.07836532558550861,4622.0,130,154,0,False,False,False,True,False,False,True,False,False
CUST-0396,396,37.0,Male,2,2.0,1.0,87221.88,11.376221960801164,3,3.0,0.0025,0,250.34,1.0033566439336192,4078.0,1202,36,0,True,False,False,False,True,False,False,False,False
CUST-0397,397,18.0,Male,2,2.0,1.0,90734.83,11.415707596684783,3,7.0,0.00366,1,104.32,-0.4280823963268105,2319.0,1915,286,0,True,False,False,False,False,False,False,False,True
CUST-0398,398,53.0,Other,2,0.0,2.0,53657.89,10.890402437966182,1,3.0,0.00235,0,204.17,0.6266250911835551,916.0,1276,231,0,False,False,False,True,False,False,True,False,False
CUST-0399,399,25.0,Other,1,2.0,2.0,44189.82,10.696272354187062,1,4.0,0.00321,0,21.27,-2.0790963663289834,1870.0,1245,474,1,True,False,False,False,False,False,True,False,False
CUST-0400,400,44.0,Female,0,2.0,1.0,29840.5,10.303655321150814,0,3.0,0.00223,0,119.86,-0.23130668634521534,2811.0,1345,178,0,False,True,False,False,False,False,False,True,False
CUST-0401,401,62.0,Male,0,3.0,1.0,27065.35,10.20604653790583,0,6.0,0.00484,1,33.62,-1.7003165040093486,593.0,1240,482,0,True,False,False,False,False,True,False,False,False
CUST-0403,403,62.0,Male,0,2.0,0.0,54593.22,10.907683295323485,2,1.0,0.00048,0,188.03,0.48246628692143856,1444.0,2065,564,1,True,False,False,False,True,False,False,False,False
CUST-0404,404,34.0,Female,1,3.0,1.0,37458.28,10.531009755311494,0,8.0,0.00722,1,60.52,-1.107540342476158,2698.0,1108,79,1,False,False,False,True,False,False,False,False,True
CUST-0405,405,42.0,Female,0,3.0,1.0,94268.34,11.453911283198826,3,3.0,0.00613,0,102.98,-0.4458840092588805,1663.0,489,340,0,False,False,True,False,False,True,False,False,False
CUST-0406,406,39.0,Male,0,2.0,2.0,53296.42,10.883643203729081,1,7.0,0.01205,1,60.52,-1.107540342476158,2133.0,581,409,0,False,True,False,False,False,False,False,False,True
CUST-0407,407,18.0,Male,0,1.0,1.0,15754.69,9.664956848852812,0,9.0,0.01648,1,141.97,0.02294869817582517,1565.0,546,479,1,False,False,False,True,True,False,False,False,False
CUST-0408,408,51.0,Male,2,1.0,1.0,84297.67,11.342121366878537,3,5.0,0.00637,1,33.62,-1.7003165040093486,1947.0,785,264,0,True,False,False,False,False,True,False,False,False
CUST-0409,409,38.0,Female,2,0.0,1.0,41614.72,10.63623325948433,1,5.0,0.00343,1,324.97,1.529723956881845,4437.0,1458,0,1,True,False,False,False,False,False,False,True,False
CUST-0411,411,20.0,Male,2,2.0,1.0,52799.94,10.874284272566184,1,3.0,0.01299,0,324.97,1.529723956881845,956.0,231,26,0,False,False,True,False,False,False,False,True,False
CUST-0412,412,32.0,Male,0,2.0,0.0,70037.8,11.156804653186196,2,4.0,0.00484,0,206.89,0.6502122811452071,2353.0,826,375,0,False,False,True,False,False,False,False,False,True
CUST-0413,413,33.0,Male,2,3.0,1.0,52684.88,10.872102766940541,1,3.0,0.06667,0,119.84,-0.23154939440384975,197.0,45,529,0,False,False,False,True,False,True,False,False,False
CUST-0414,414,19.0,Male,0,2.0,1.0,77276.65,11.255160059521348,3,5.0,0.00776,1,104.32,-0.4280823963268105,3661.0,644,313,0,False,False,True,False,False,False,False,False,True
CUST-0415,415,61.0,Female,0,1.0,1.0,46137.39,10.739400637317468,1,5.0,0.00637,1,254.97,1.0386611249015703,2260.0,785,103,1,False,False,False,True,False,True,False,False,False
CUST-0416,416,42.0,Female,0,3.0,2.0,38724.48,10.56425306030186,0,5.0,0.00555,1,161.88,0.2315263753626682,380.0,901,51,1,True,False,False,False,False,False,False,True,False
CUST-0417,417,21.0,Male,2,2.0,1.0,66234.69,11.100974720517108,2,5.0,0.00533,1,104.32,-0.4280823963268105,1522.0,938,381,1,False,False,False,True,False,False,False,False,True
CUST-0418,418,18.0,Female,2,3.0,2.0,29398.7,10.288739749193079,0,3.0,0.00157,0,60.52,-1.107540342476158,610.0,1906,609,1,False,False,True,False,False,False,False,False,True
CUST-0419,419,50.0,Female,0,3.0,1.0,84341.62,11.342642591556018,3,5.0,0.00286,1,43.14,-1.464832726945993,3780.0,1748,420,0,True,False,False,False,True,False,False,False,False
CUST-0420,420,41.0,Female,0,1.0,1.0,23342.37,10.058068282735611,0,3.0,0.0018,0,161.88,0.2315263753626682,4751.0,1666,445,0,False,False,False,True,False,False,False,True,False
CUST-0421,421,42.0,Male,2,2.0,1.0,83419.69,11.331651639114474,3,6.0,0.01053,1,60.52,-1.107540342476158,166.0,570,532,0,False,True,False,False,False,False,False,False,True
CUST-0422,422,56.0,Female,0,2.0,1.0,51282.58,10.845125901950263,1,8.0,0.00575,1,80.07,-0.7756420864794006,1584.0,1392,91,0,False,False,False,True,False,True,False,False,False
CUST-0424,424,61.0,Male,0,1.0,1.0,53509.06,10.887624952590462,1,3.0,0.0137,0,460.3,2.3177482848145123,822.0,219,450,0,False,True,False,False,False,False,False,False,True
CUST-0425,425,23.0,Female,2,3.0,2.0,78670.71,11.27303890345416,3,4.0,0.0059,0,217.71,0.7421744274485946,4396.0,678,218,0,False,False,True,False,True,False,False,False,False
CUST-0426,426,48.0,Male,2,2.0,1.0,87939.1,11.384411179873114,3,5.0,0.00291,1,150.71,0.1166172313806438,3871.0,1719,465,1,False,True,False,False,True,False,False,False,False
CUST-0427,427,39.0,Male,0,3.0,2.0,74743.33,11.221828635533152,2,4.0,0.00388,0,102.98,-0.4458840092588805,628.0,1032,567,0,False,True,False,False,False,True,False,False,False
CUST-0428,428,23.0,Female,0,1.0,1.0,75914.91,11.237381559335269,2,3.0,0.00331,0,188.03,0.48246628692143856,4430.0,906,557,0,False,False,False,True,True,False,False,False,False
CUST-0429,429,18.0,Male,2,2.0,2.0,72219.53,11.187479633491865,2,7.0,0.00538,1,324.97,1.529723956881845,1559.0,1302,11,0,False,False,True,False,False,False,False,True,False
CUST-0430,430,42.0,Male,0,1.0,1.0,29258.86,10.283971889873673,0,4.0,0.01338,0,206.89,0.6502122811452071,612.0,299,397,0,False,False,True,False,False,False,False,False,True
CUST-0431,431,42.0,Male,0,2.0,1.0,45451.22,10.724416943297241,1,3.0,0.00509,0,53.54,-1.2421732626578335,4684.0,589,55,1,False,True,False,False,True,False,False,False,False
CUST-0432,432,44.0,Female,0,0.0,1.0,45669.98,10.729218364236536,1,9.0,0.02439,1,460.3,2.3177482848145123,1704.0,369,187,1,False,True,False,False,False,False,False,False,True
CUST-0433,433,55.0,Female,1,1.0,1.0,70282.01,11.16028537006917,2,3.0,0.0037,0,21.27,-2.0790963663289834,2628.0,811,61,0,False,False,False,True,False,False,True,False,False
CUST-0434,434,32.0,Female,2,2.0,1.0,89929.82,11.406795987070037,3,6.0,0.0031,1,119.86,-0.23130668634521534,195.0,1934,345,1,False,True,False,False,False,False,False,True,False
CUST-0435,435,27.0,Male,0,3.0,1.0,49789.94,10.815588318751047,1,5.0,0.0122,1,86.16,-0.6827850488118706,2344.0,410,181,0,False,True,False,False,False,True,False,False,False
CUST-0436,436,38.0,Female,2,1.0,1.0,47572.29,10.770026748270872,1,4.0,0.06154,0,266.85,1.127457866592304,1957.0,65,208,1,False,False,False,True,False,False,False,True,False
CUST-0437,437,20.0,Female,2,2.0,2.0,54058.8,10.89784612023055,1,1.0,0.00058,0,29.54,-1.8140604695749496,721.0,1726,201,1,False,True,False,False,False,True,False,False,False
CUST-0438,438,33.0,Female,0,2.0,1.0,61756.87,11.030976695761952,2,3.0,0.00301,0,254.97,1.0386611249015703,2394.0,997,28,0,False,False,True,False,False,True,False,False,False
CUST-0440,440,35.0,Other,2,3.0,1.0,87212.72,11.376116936970059,3,5.0,0.00457,1,44.94,-1.4240693965474025,3866.0,1094,376,0,False,True,False,False,True,False,False,False,False
CUST-0441,441,59.0,Female,2,0.0,1.0,73430.0,11.20410146876502,2,0.0,0.0,0,60.52,-1.107540342476158,556.0,1937,113,0,False,False,False,True,False,False,False,False,True
CUST-0442,442,59.0,Female,0,0.0,2.0,84363.3,11.342899605318337,3,4.0,0.01521,0,460.3,2.3177482848145123,2198.0,263,208,0,False,True,False,False,False,False,False,False,True
CUST-0443,443,63.0,Male,0,3.0,2.0,103366.16,11.546042589063024,3,1.0,0.00263,0,356.69,1.7305070076293008,3007.0,380,222,1,True,False,False,False,False,False,False,False,True
CUST-0444,444,55.0,Female,0,2.0,2.0,65858.87,11.09528458204441,2,5.0,0.00329,1,60.52,-1.107540342476158,839.0,1522,181,1,False,False,True,False,False,False,False,False,True
CUST-0446,446,33.0,Other,2,2.0,1.0,72237.57,11.187729392767588,2,1.0,0.0005,0,188.03,0.48246628692143856,4003.0,2005,170,1,False,False,False,True,True,False,False,False,False
CUST-0447,447,42.0,Female,0,3.0,1.0,43016.57,10.669363915870715,1,3.0,0.00268,0,141.97,0.02294869817582517,1365.0,1121,407,1,False,False,True,False,True,False,False,False,False
CUST-0448,448,20.0,Male,0,2.0,1.0,84819.13,11.3482881756848,3,3.0,0.01435,0,60.52,-1.107540342476158,1733.0,209,570,1,False,True,False,False,False,False,False,False,True
CUST-0449,449,54.0,Female,2,1.0,1.0,22787.71,10.034020516864091,0,4.0,0.00305,0,217.71,0.7421744274485946,1439.0,1312,238,1,True,False,False,False,True,False,False,False,False
CUST-0450,450,42.0,Male,0,2.0,1.0,67978.06,11.126954995558153,2,3.0,0.00592,0,161.88,0.2315263753626682,4383.0,507,571,0,False,False,False,True,False,False,False,True,False
CUST-0453,453,33.0,Male,2,2.0,1.0,51997.18,10.85896399695105,1,10.0,0.01972,1,29.54,-1.8140604695749496,4592.0,507,600,1,False,True,False,False,False,True,False,False,False
CUST-0454,454,42.0,Other,2,1.0,0.0,69444.48,11.148297263271136,2,7.0,0.00475,1,356.69,1.7305070076293008,3974.0,1474,577,1,False,False,False,True,False,False,False,False,True
CUST-0455,455,45.0,Female,1,2.0,0.0,34423.2,10.446515084401629,0,4.0,0.02128,0,150.71,0.1166172313806438,2183.0,188,600,1,False,False,True,False,True,False,False,False,False
CUST-0456,456,42.0,Female,0,2.0,1.0,52495.73,10.868506160925595,1,2.0,0.00182,0,204.17,0.6266250911835551,3146.0,1100,90,1,True,False,False,False,False,False,True,False,False
CUST-0457,457,39.0,Female,1,1.0,1.0,35881.27,10.487998580615196,0,3.0,0.00195,0,33.62,-1.7003165040093486,1416.0,1535,373,1,False,True,False,False,False,True,False,False,False
CUST-0458,458,62.0,Male,2,2.0,1.0,49391.35,10.807550832884635,1,7.0,0.06481,1,33.62,-1.7003165040093486,1717.0,108,391,1,False,False,False,True,False,True,False,False,False
CUST-0460,460,23.0,Male,0,2.0,1.0,103579.05,11.548100022696438,3,3.0,0.00348,0,33.62,-1.7003165040093486,4441.0,862,364,0,False,False,True,False,False,True,False,False,False
CUST-0461,461,40.0,Male,2,1.0,1.0,113871.0,11.642830289539052,3,1.0,0.00058,0,356.69,1.7305070076293008,1810.0,1723,301,1,True,False,False,False,False,False,False,False,True
CUST-0462,462,47.0,Female,1,2.0,1.0,39024.27,10.571964664001595,0,1.0,0.00068,0,104.51,-0.42556984306638385,14.0,1470,400,1,False,False,True,False,False,False,False,True,False
CUST-0463,463,64.0,Male,2,2.0,1.0,186206.79,12.134618479684665,3,6.0,0.01083,1,29.54,-1.8140604695749496,903.0,554,361,1,False,False,True,False,False,True,False,False,False
CUST-0464,464,59.0,Male,0,3.0,1.0,115600.62,11.657905248963052,3,2.0,0.0113,0,102.98,-0.4458840092588805,3841.0,177,360,0,False,False,True,False,False,True,False,False,False
CUST-0466,466,30.0,Female,0,0.0,1.0,45829.45,10.732703996350883,1,3.0,0.04545,0,217.71,0.7421744274485946,4701.0,66,561,0,False,False,True,False,True,False,False,False,False
CUST-0467,467,28.0,Female,1,0.0,1.0,86611.47,11.369199079565249,3,6.0,0.00315,1,185.1,0.45547808526688227,2629.0,1903,423,0,False,False,True,False,False,True,False,False,False
CUST-0468,468,20.0,Female,0,3.0,0.0,66799.37,11.109463898431553,2,3.0,0.00193,0,460.3,2.3177482848145123,1292.0,1556,144,0,False,False,False,True,False,False,False,False,True
CUST-0469,469,22.0,Male,0,3.0,0.0,90619.15,11.414431873483498,3,3.0,0.00284,0,33.62,-1.7003165040093486,3135.0,1055,404,1,False,False,True,False,False,True,False,False,False
CUST-0472,472,24.0,Male,0,1.0,1.0,58947.47,10.984418951430227,2,3.0,0.00651,0,95.42,-0.549125484431216,3165.0,461,219,0,False,True,False,False,False,False,False,False,True
CUST-0473,473,57.0,Female,2,1.0,2.0,31489.62,10.35744500269134,0,4.0,-0.06061,0,266.85,1.127457866592304,1316.0,-66,36,1,False,False,True,False,False,False,False,True,False
CUST-0474,474,42.0,Female,1,2.0,0.0,46157.67,10.739840087941927,1,9.0,0.15254,1,150.19,0.11114045070097057,4820.0,59,463,1,False,True,False,False,False,True,False,False,False
CUST-0475,475,58.0,Female,0,1.0,2.0,65194.07,11.085139131558968,2,5.0,0.00421,1,141.97,0.02294869817582517,3532.0,1187,441,1,False,True,False,False,True,False,False,False,False
CUST-0476,476,48.0,Male,0,3.0,2.0,83595.16,11.333752865003486,3,4.0,0.00385,0,119.86,-0.23130668634521534,3141.0,1040,199,1,False,False,False,True,False,False,False,True,False
CUST-0477,477,31.0,Female,1,3.0,1.0,41883.76,10.642677316596561,1,4.0,0.00725,0,267.28,1.1306252570913728,1505.0,552,107,1,False,False,True,False,True,False,False,False,False
CUST-0478,478,42.0,Female,2,0.0,1.0,48471.85,10.788759126368086,1,4.0,0.00272,0,267.28,1.1306252570913728,4190.0,1469,105,1,True,False,False,False,True,False,False,False,False
CUST-0479,479,29.0,Female,0,0.0,1.0,61681.57,11.029756674035847,2,3.0,0.00161,0,204.17,0.6266250911835551,4245.0,1868,107,1,False,False,False,True,False,False,True,False,False
CUST-0481,481,64.0,Female,1,1.0,0.0,38060.45,10.54695723786485,0,5.0,0.00683,1,161.88,0.2315263753626682,201.0,732,540,1,True,False,False,False,False,False,False,True,False
CUST-0482,482,41.0,Male,0,3.0,2.0,34182.35,10.439493962399338,0,2.0,0.00647,0,206.89,0.6502122811452071,4064.0,309,98,0,False,False,False,True,False,False,False,False,True
CUST-0483,483,25.0,Male,0,0.0,1.0,100142.09,11.514355342208354,3,3.0,0.00432,0,204.17,0.6266250911835551,1628.0,695,314,1,False,False,False,True,False,False,True,False,False
CUST-0484,484,42.0,Female,2,3.0,0.0,67337.15,11.117482219810215,2,2.0,0.00159,0,250.34,1.0033566439336192,3534.0,1255,406,1,False,False,False,True,True,False,False,False,False
CUST-0486,486,43.0,Female,2,2.0,0.0,85363.58,11.35468653964403,3,4.0,0.00901,0,264.3,1.1086088393706646,2044.0,444,102,1,False,True,False,False,False,False,False,False,True
CUST-0487,487,55.0,Male,2,3.0,1.0,48581.1,10.791010429287581,1,5.0,0.00262,1,104.51,-0.42556984306638385,2585.0,1912,600,0,False,False,True,False,False,False,False,True,False
CUST-0488,488,42.0,Male,0,0.0,1.0,33420.17,10.416944810513245,0,1.0,0.00059,0,110.25,-0.3509681363940098,587.0,1686,520,0,False,True,False,False,False,False,True,False,False
CUST-0489,489,36.0,Other,2,2.0,0.0,87774.18,11.382534051732337,3,3.0,0.0044,0,324.97,1.529723956881845,3810.0,682,376,0,False,True,False,False,False,False,False,True,False
CUST-0490,490,25.0,Female,2,3.0,1.0,64362.16,11.072296698720155,2,6.0,0.00919,1,188.03,0.48246628692143856,3372.0,653,411,0,True,False,False,False,True,False,False,False,False
CUST-0491,491,49.0,Female,0,1.0,1.0,54555.46,10.906991407714424,2,2.0,0.0037,0,119.92,-0.23057871353895149,2442.0,541,325,0,False,False,False,True,False,True,False,False,False
CUST-0492,492,47.0,Female,0,2.0,1.0,58559.46,10.977815003795598,2,2.0,-0.25,0,185.1,0.45547808526688227,4908.0,-8,196,0,False,True,False,False,False,True,False,False,False
CUST-0493,493,23.0,Female,1,1.0,1.0,55014.53,10.915370787993863,2,2.0,0.00367,0,80.07,-0.7756420864794006,800.0,545,532,0,False,False,True,False,False,True,False,False,False
CUST-0495,495,51.0,Male,0,3.0,0.0,44859.75,10.711318526614782,1,3.0,0.00335,0,324.97,1.529723956881845,4422.0,896,563,1,False,True,False,False,False,False,False,True,False
CUST-0496,496,23.0,Male,2,1.0,1.0,47192.68,10.762015264303384,1,7.0,0.03911,1,53.54,-1.2421732626578335,2297.0,179,383,1,False,False,False,True,True,False,False,False,False
CUST-0497,497,42.0,Female,0,2.0,1.0,69783.24,11.153163475290908,2,6.0,0.00969,1,250.34,1.0033566439336192,3887.0,619,594,0,False,False,False,True,True,False,False,False,False
CUST-0498,498,52.0,Female,0,3.0,1.0,38203.71,10.55071408542336,0,4.0,0.00361,0,141.97,0.02294869817582517,2191.0,1109,527,1,False,False,True,False,True,False,False,False,False
CUST-0499,499,62.0,Female,2,2.0,1.0,104037.96,11.5525207233573,3,3.0,0.00151,0,150.19,0.11114045070097057,3976.0,1990,593,1,False,True,False,False,False,True,False,False,False
CUST-0500,500,26.0,Female,2,2.0,2.0,218195.71,12.29315227435726,3,2.0,0.00102,0,111.87,-0.33035305512573704,4946.0,1954,224,1,False,True,False,False,False,False,True,False,False
CUST-0501,501,54.0,Male,1,2.0,1.0,62438.15,11.041947761468164,2,2.0,0.00209,0,150.71,0.1166172313806438,892.0,959,9,1,True,False,False,False,True,False,False,False,False
CUST-0502,502,27.0,Female,2,3.0,2.0,53509.06,10.887624952590462,1,2.0,0.00457,0,141.97,0.02294869817582517,2467.0,438,553,1,False,False,False,True,True,False,False,False,False
CUST-0503,503,51.0,Other,2,2.0,1.0,46056.23,10.73764003261706,1,5.0,0.00553,1,324.97,1.529723956881845,4580.0,904,41,1,False,True,False,False,False,False,False,True,False
CUST-0504,504,36.0,Female,0,3.0,1.0,108630.11,11.595713109547367,3,2.0,0.00138,0,111.87,-0.33035305512573704,2860.0,1451,278,1,True,False,False,False,False,False,True,False,False
CUST-0506,506,30.0,Female,1,2.0,2.0,74373.81,11.216872588222818,2,7.0,0.00506,1,119.86,-0.23130668634521534,1274.0,1383,321,1,False,False,False,True,False,False,False,True,False
CUST-0508,508,45.0,Female,2,1.0,2.0,112382.39,11.629671429721096,3,6.0,0.00314,1,119.84,-0.23154939440384975,3704.0,1908,189,1,False,False,True,False,False,True,False,False,False
CUST-0509,509,26.0,Female,1,2.0,1.0,62470.61,11.042467492526251,2,1.0,0.00072,0,60.52,-1.107540342476158,3436.0,1391,480,0,False,True,False,False,False,False,False,False,True
CUST-0510,510,42.0,Female,0,2.0,1.0,98727.14,11.50012529116945,3,3.0,0.00168,0,250.34,1.0033566439336192,2643.0,1788,113,0,False,False,True,False,True,False,False,False,False
CUST-0511,511,42.0,Male,0,2.0,1.0,43903.7,10.689776654836006,1,4.0,-0.04211,0,138.6,-0.014127246310786693,1531.0,-95,246,0,True,False,False,False,False,True,False,False,False
CUST-0512,512,49.0,Female,2,2.0,1.0,102693.61,11.539514911579293,3,6.0,0.00372,1,185.1,0.45547808526688227,3143.0,1612,144,1,True,False,False,False,False,True,False,False,False
CUST-0513,513,23.0,Male,2,3.0,0.0,32295.91,10.382726838999824,0,3.0,0.00392,0,161.88,0.2315263753626682,5.0,765,72,0,False,False,True,False,False,False,False,True,False
CUST-0514,514,38.0,Female,0,1.0,1.0,27115.37,10.207892883538157,0,6.0,0.00553,1,80.07,-0.7756420864794006,1528.0,1085,-7,1,False,False,True,False,False,True,False,False,False
CUST-0515,515,48.0,Male,0,2.0,2.0,137794.07,11.833522860434039,3,0.0,0.0,0,141.97,0.02294869817582517,2285.0,428,580,0,False,True,False,False,True,False,False,False,False
CUST-0516,516,56.0,Female,2,0.0,0.0,59350.47,10.991232168054589,2,5.0,0.00266,1,206.89,0.6502122811452071,4567.0,1882,182,0,False,False,False,True,False,False,False,False,True
CUST-0517,517,22.0,Male,0,0.0,1.0,80636.27,11.297716228565463,3,8.0,0.00686,1,150.19,0.11114045070097057,4477.0,1166,263,0,True,False,False,False,False,True,False,False,False
CUST-0518,518,55.0,Female,0,1.0,0.0,62784.23,11.047475133711728,2,4.0,0.0146,0,102.98,-0.4458840092588805,3132.0,274,510,1,False,False,True,False,False,True,False,False,False
CUST-0519,519,51.0,Female,0,3.0,2.0,76352.74,11.243132294384843,2,2.0,0.00118,0,150.71,0.1166172313806438,4623.0,1690,182,1,False,True,False,False,True,False,False,False,False
CUST-0521,521,27.0,Male,0,1.0,1.0,43703.94,10.68521641817301,1,4.0,0.00264,0,250.34,1.0033566439336192,3357.0,1517,513,0,False,False,False,True,True,False,False,False,False
CUST-0522,522,47.0,Male,2,2.0,2.0,94765.11,11.459167134877049,3,5.0,0.01678,1,460.3,2.3177482848145123,48.0,298,33,1,True,False,False,False,False,False,False,False,True
CUST-0523,523,48.0,Female,0,2.0,1.0,52705.4,10.872492169281193,1,4.0,0.00322,0,150.19,0.11114045070097057,3677.0,1244,218,0,False,True,False,False,False,True,False,False,False
CUST-0524,524,59.0,Male,0,2.0,2.0,26141.91,10.171333304624124,0,6.0,0.00369,1,161.88,0.2315263753626682,982.0,1626,526,1,False,False,True,False,False,False,False,True,False
CUST-0525,525,28.0,Female,1,1.0,1.0,64943.55,11.081289107877508,2,2.0,0.00126,0,264.3,1.1086088393706646,502.0,1591,412,1,True,False,False,False,False,False,False,False,True
CUST-0526,526,42.0,Female,0,1.0,2.0,52684.88,10.872102766940541,1,4.0,0.00224,0,119.84,-0.23154939440384975,782.0,1782,482,1,True,False,False,False,False,True,False,False,False
CUST-0528,528,39.0,Female,0,2.0,2.0,110719.86,11.614767538162372,3,4.0,0.0029,0,60.52,-1.107540342476158,718.0,1378,31,0,True,False,False,False,False,False,False,False,True
CUST-0529,529,61.0,Female,1,3.0,2.0,36332.88,10.500505918301542,0,7.0,0.00362,1,33.62,-1.7003165040093486,4230.0,1934,9,1,False,True,False,False,False,True,False,False,False
CUST-0530,530,45.0,Other,1,3.0,0.0,58761.83,10.981264791143037,2,3.0,0.01415,0,132.88,-0.07836532558550861,514.0,212,7,0,False,False,True,False,False,False,True,False,False
CUST-0531,531,55.0,Female,0,1.0,0.0,87043.53,11.374175105772238,3,3.0,0.00309,0,264.3,1.1086088393706646,704.0,970,423,1,False,False,True,False,False,False,False,False,True
CUST-0532,532,42.0,Female,0,2.0,1.0,22949.54,10.041096744623644,0,3.0,0.00482,0,324.97,1.529723956881845,678.0,622,577,1,False,False,True,False,False,False,False,True,False
CUST-0533,533,61.0,Male,2,2.0,1.0,135441.37,11.816301515177251,3,4.0,0.0024,0,119.84,-0.23154939440384975,3780.0,1668,351,1,False,True,False,False,False,True,False,False,False
CUST-0534,534,40.0,Female,2,0.0,1.0,28055.96,10.241992008514343,0,5.0,0.01706,1,206.89,0.6502122811452071,3696.0,293,501,1,False,True,False,False,False,False,False,False,True
CUST-0535,535,54.0,Male,1,0.0,1.0,51613.98,10.851567219415356,1,2.0,0.001,0,60.52,-1.107540342476158,3866.0,2010,26,0,False,True,False,False,False,False,False,False,True
CUST-0537,537,51.0,Other,2,1.0,1.0,65881.82,11.095632988475646,2,5.0,0.00395,1,53.54,-1.2421732626578335,1599.0,1266,88,1,False,True,False,False,True,False,False,False,False
CUST-0539,539,39.0,Male,0,1.0,1.0,32505.98,10.38921011448899,0,3.0,0.00199,0,141.97,0.02294869817582517,3085.0,1507,268,0,True,False,False,False,True,False,False,False,False
CUST-0540,540,62.0,Female,0,1.0,0.0,89485.11,11.401838696688149,3,5.0,0.00766,1,324.97,1.529723956881845,4854.0,653,196,1,True,False,False,False,False,False,False,True,False
CUST-0543,543,40.0,Female,1,1.0,1.0,53295.73,10.883630257427619,1,3.0,0.00647,0,141.97,0.02294869817582517,3753.0,464,554,0,False,False,False,True,True,False,False,False,False
CUST-0544,544,32.0,Female,1,3.0,1.0,67131.14,11.114418194869499,2,6.0,-0.06,1,206.89,0.6502122811452071,4239.0,-100,542,0,False,False,False,True,False,False,False,False,True
CUST-0546,546,54.0,Male,0,0.0,2.0,31868.17,10.36939436377134,0,3.0,0.00655,0,33.62,-1.7003165040093486,4217.0,458,367,1,False,True,False,False,False,True,False,False,False
CUST-0547,547,48.0,Female,0,1.0,2.0,38947.21,10.569988093888568,0,3.0,0.00266,0,104.32,-0.4280823963268105,3692.0,1127,239,1,False,False,False,True,False,False,False,False,True
CUST-0548,548,30.0,Female,1,2.0,1.0,59815.79,10.999041669761189,2,3.0,0.00147,0,53.54,-1.2421732626578335,4673.0,2034,-6,1,False,True,False,False,True,False,False,False,False
CUST-0549,549,42.0,Female,1,2.0,2.0,103712.05,11.549383230080089,3,2.0,0.00432,0,185.1,0.45547808526688227,2929.0,463,147,0,False,False,True,False,False,True,False,False,False
CUST-0551,551,41.0,Male,2,2.0,2.0,110374.32,11.611641837109307,3,5.0,0.00388,1,250.34,1.0033566439336192,2140.0,1289,20,1,False,False,True,False,True,False,False,False,False
CUST-0552,552,62.0,Female,2,2.0,1.0,49620.33,10.812176060594762,1,3.0,0.0041,0,21.27,-2.0790963663289834,4191.0,732,88,0,False,False,True,False,False,False,True,False,False
CUST-0553,553,59.0,Female,2,3.0,0.0,21370.55,9.969815877269241,0,2.0,0.00592,0,80.07,-0.7756420864794006,1760.0,338,574,0,False,False,True,False,False,True,False,False,False
CUST-0554,554,23.0,Male,1,3.0,1.0,35430.71,10.475362460877735,0,6.0,0.01217,1,150.71,0.1166172313806438,3382.0,493,343,0,False,False,True,False,True,False,False,False,False
CUST-0555,555,53.0,Male,0,1.0,1.0,44335.17,10.699556101451236,1,5.0,0.00484,1,150.71,0.1166172313806438,303.0,1034,388,0,False,False,False,True,True,False,False,False,False
CUST-0556,556,47.0,Female,0,1.0,2.0,129771.43,11.77353765699327,3,3.0,-0.33333,0,132.88,-0.07836532558550861,259.0,-9,496,0,False,False,False,True,False,False,True,False,False
CUST-0557,557,40.0,Male,0,2.0,2.0,77669.37,11.260229125146392,3,4.0,0.01208,0,217.71,0.7421744274485946,1135.0,331,418,1,False,True,False,False,True,False,False,False,False
CUST-0558,558,46.0,Female,2,0.0,2.0,72468.33,11.190918716855677,2,3.0,0.00147,0,161.88,0.2315263753626682,1583.0,2044,463,1,True,False,False,False,False,False,False,True,False
CUST-0559,559,49.0,Other,0,2.0,1.0,89619.89,11.403343719109838,3,3.0,0.08824,0,250.34,1.0033566439336192,887.0,34,116,0,False,False,False,True,True,False,False,False,False
CUST-0560,560,29.0,Male,0,3.0,2.0,32423.43,10.386667430001605,0,5.0,0.00543,1,204.17,0.6266250911835551,2691.0,920,301,1,False,True,False,False,False,False,True,False,False
CUST-0561,561,50.0,Male,1,1.0,1.0,38042.63,10.546488937974075,0,3.0,0.00462,0,111.87,-0.33035305512573704,2178.0,650,79,1,True,False,False,False,False,False,True,False,False
CUST-0562,562,49.0,Male,1,2.0,0.0,49959.33,10.818984569501927,1,3.0,0.00312,0,111.87,-0.33035305512573704,690.0,962,297,0,False,False,False,True,False,False,True,False,False
CUST-0563,563,43.0,Female,0,2.0,1.0,53435.03,10.886240516528813,1,8.0,0.00396,1,132.88,-0.07836532558550861,1453.0,2020,91,1,False,True,False,False,False,False,True,False,False
CUST-0564,564,61.0,Other,0,2.0,2.0,41011.67,10.621636322338487,1,6.0,0.06,1,138.6,-0.014127246310786693,1826.0,100,479,0,False,False,True,False,False,True,False,False,False
CUST-0565,565,51.0,Male,1,2.0,0.0,16629.19,9.718974997257005,0,3.0,0.00354,0,119.86,-0.23130668634521534,384.0,848,465,0,False,True,False,False,False,False,False,True,False
CUST-0566,566,45.0,Male,1,2.0,1.0,50666.29,10.833035813716206,1,7.0,0.06863,1,53.54,-1.2421732626578335,3865.0,102,405,1,False,True,False,False,True,False,False,False,False
CUST-0567,567,40.0,Female,2,0.0,2.0,128346.39,11.762495851071101,3,6.0,0.00551,1,206.89,0.6502122811452071,4246.0,1088,472,1,False,False,False,True,False,False,False,False,True
CUST-0568,568,21.0,Female,0,3.0,2.0,37101.43,10.521437745102874,0,4.0,0.01702,0,60.52,-1.107540342476158,3137.0,235,460,0,False,True,False,False,False,False,False,False,True
CUST-0569,569,63.0,Female,2,2.0,2.0,72377.48,11.189664296620904,2,4.0,0.00197,0,267.28,1.1306252570913728,1960.0,2026,33,0,False,False,True,False,True,False,False,False,False
CUST-0570,570,49.0,Female,0,2.0,1.0,81258.34,11.30540104743145,3,8.0,0.00413,1,119.84,-0.23154939440384975,10.0,1938,304,1,False,False,False,True,False,True,False,False,False
CUST-0571,571,49.0,Male,1,2.0,1.0,47378.28,10.76594028131196,1,3.0,0.00251,0,206.89,0.6502122811452071,447.0,1193,96,0,True,False,False,False,False,False,False,False,True
CUST-0572,572,46.0,Female,2,2.0,1.0,60673.47,11.013278295492787,2,1.0,0.01266,0,104.32,-0.4280823963268105,4077.0,79,479,0,False,False,True,False,False,False,False,False,True
CUST-0573,573,27.0,Female,2,0.0,2.0,71820.4,11.181937760767472,2,6.0,0.00966,1,86.16,-0.6827850488118706,4068.0,621,346,1,True,False,False,False,False,True,False,False,False
CUST-0574,574,42.0,Female,0,2.0,1.0,65479.22,11.089503391283948,2,6.0,0.00329,1,185.1,0.45547808526688227,645.0,1826,412,1,False,False,False,True,False,True,False,False,False
CUST-0575,575,33.0,Male,2,2.0,2.0,49625.8,10.812286289371979,1,7.0,0.02456,1,188.03,0.48246628692143856,4576.0,285,471,0,False,True,False,False,True,False,False,False,False
CUST-0576,576,60.0,Female,0,2.0,1.0,1500.0,7.313886831633462,0,4.0,0.00792,0,86.16,-0.6827850488118706,2605.0,505,27,0,True,False,False,False,False,True,False,False,False
CUST-0577,577,45.0,Female,0,3.0,1.0,22181.99,10.007081057950478,0,7.0,0.01299,1,110.25,-0.3509681363940098,134.0,539,188,1,False,False,True,False,False,False,True,False,False
CUST-0579,579,58.0,Female,2,3.0,0.0,61042.4,11.01934036558664,2,5.0,0.00484,1,264.3,1.1086088393706646,339.0,1033,292,0,True,False,False,False,False,False,False,False,True
CUST-0581,581,25.0,Female,2,2.0,1.0,84939.25,11.349703347116993,3,2.0,0.00241,0,43.14,-1.464832726945993,1324.0,829,378,0,False,False,False,True,True,False,False,False,False
CUST-0582,582,40.0,Female,2,1.0,1.0,56760.63,10.946615848268266,2,3.0,0.01422,0,53.54,-1.2421732626578335,1360.0,211,541,0,False,True,False,False,True,False,False,False,False
CUST-0583,583,50.0,Female,1,1.0,1.0,61488.35,11.026619268067119,2,4.0,-0.07692,0,141.97,0.02294869817582517,3252.0,-52,151,0,True,False,False,False,True,False,False,False,False
CUST-0584,584,20.0,Male,0,2.0,2.0,40892.69,10.618731051400099,1,3.0,0.0015,0,111.87,-0.33035305512573704,3467.0,2003,364,1,False,False,True,False,False,False,True,False,False
CUST-0585,585,29.0,Female,0,1.0,0.0,45395.86,10.723198218641974,1,7.0,0.00576,1,86.16,-0.6827850488118706,1158.0,1215,224,1,False,False,False,True,False,True,False,False,False
CUST-0586,586,59.0,Female,0,3.0,1.0,53134.19,10.8805946995979,1,2.0,0.01818,0,119.86,-0.23130668634521534,2178.0,110,425,1,True,False,False,False,False,False,False,True,False
CUST-0587,587,49.0,Female,1,3.0,2.0,51769.53,10.85457634743288,1,3.0,0.0018,0,161.88,0.2315263753626682,1765.0,1667,246,1,False,False,True,False,False,False,False,True,False
CUST-0588,588,24.0,Female,2,3.0,1.0,46810.79,10.753890373255372,1,5.0,0.01071,1,119.84,-0.23154939440384975,2369.0,467,363,0,False,True,False,False,False,True,False,False,False
CUST-0589,589,36.0,Female,0,2.0,1.0,77985.0,11.26428460238249,3,3.0,0.00226,0,264.3,1.1086088393706646,1873.0,1329,352,0,True,False,False,False,False,False,False,False,True
CUST-0590,590,43.0,Male,2,1.0,0.0,153835.77,11.943647384202412,3,1.0,0.0006,0,267.28,1.1306252570913728,566.0,1669,468,0,False,False,False,True,True,False,False,False,False
CUST-0591,591,29.0,Male,0,0.0,2.0,45508.52,10.725676813822568,1,3.0,0.00638,0,204.17,0.6266250911835551,4764.0,470,577,0,False,False,False,True,False,False,True,False,False
CUST-0592,592,43.0,Male,0,1.0,1.0,49010.62,10.799812691835983,1,4.0,0.00277,0,29.54,-1.8140604695749496,2282.0,1445,-4,0,False,False,False,True,False,True,False,False,False
CUST-0593,593,62.0,Female,0,3.0,1.0,60249.32,11.006263162542117,2,4.0,0.00236,0,254.97,1.0386611249015703,39.0,1697,127,0,False,False,True,False,False,True,False,False,False
CUST-0594,594,31.0,Female,2,3.0,1.0,94544.8,11.456839652158664,3,5.0,0.00373,1,206.89,0.6502122811452071,692.0,1340,516,1,False,True,False,False,False,False,False,False,True
CUST-0595,595,23.0,Female,0,2.0,1.0,103356.71,11.545951163198236,3,5.0,0.00437,1,104.51,-0.42556984306638385,4014.0,1144,330,0,False,False,False,True,False,False,False,True,False
CUST-0596,596,40.0,Male,1,3.0,0.0,108060.39,11.590454770539461,3,4.0,0.01258,0,460.3,2.3177482848145123,2633.0,318,116,1,False,False,True,False,False,False,False,False,True
CUST-0597,597,58.0,Female,0,1.0,0.0,70402.51,11.161998398857813,2,4.0,0.0381,0,119.84,-0.23154939440384975,4802.0,105,167,0,False,False,True,False,False,True,False,False,False
CUST-0598,598,32.0,Female,0,1.0,0.0,27065.35,10.20604653790583,0,3.0,0.00214,0,110.25,-0.3509681363940098,2531.0,1401,435,1,False,False,False,True,False,False,True,False,False
CUST-0599,599,53.0,Male,0,2.0,1.0,46612.28,10.749640758055838,1,5.0,0.01289,1,204.17,0.6266250911835551,2708.0,388,349,0,True,False,False,False,False,False,True,False,False
CUST-0600,600,61.0,Male,1,2.0,1.0,67715.04,11.123078358459312,2,3.0,0.02679,0,150.19,0.11114045070097057,1917.0,112,224,0,False,False,False,True,False,True,False,False,False
