customer_id,age,gender,region,income,education_level,signup_date
CUST-0001,,Male,South,47536.17,Primary,2019-06-09
CUST-0002,33.0,Male,North,77221.25,Secondary,2021-05-03
CUST-0003,22.0,Male,South,,Secondary,2021-08-31
CUST-0004,53.0,Male,South,54174.65,Graduate,2020-12-28
CUST-0005,52.0,Female,East,81447.74,Secondary,2024-02-06
CUST-0006,28.0,Male,South,75707.37,Secondary,2023-10-28
CUST-0007,26.0,Female,East,36758.72,Graduate,2020-12-10
CUST-0008,64.0,Female,North,35651.97,Graduate,2019-01-16
CUST-0009,62.0,Male,North,106450.72,Post-Graduate,2022-10-15
CUST-0010,59.0,Female,South,36971.51,Graduate,2020-02-06
CUST-0011,64.0,Female,West,30757.21,Graduate,2024-07-24
CUST-0012,54.0,Other,North,33429.9,Post-Graduate,2024-08-03
CUST-0013,56.0,Female,North,31547.67,Post-Graduate,2021-09-12
CUST-0014,,Female,South,39592.01,Graduate,2020-08-02
CUST-0015,38.0,Male,South,110719.86,Secondary,2020-10-19
CUST-0016,30.0,,East,44964.57,Graduate,2022-06-16
CUST-0017,59.0,Male,South,52641.42,Graduate,2019-11-29
CUST-0018,23.0,Female,West,86009.99,Graduate,2019-06-03
CUST-0019,56.0,Male,East,55898.69,Graduate,2019-02-06
CUST-0020,55.0,Male,West,146724.39,Graduate,2022-07-01
CUST-0021,36.0,Female,West,41237.54,Secondary,2023-10-03
CUST-0022,24.0,Female,North,33723.04,Secondary,2020-12-15
CUST-0023,62.0,Female,North,22215.32,Secondary,2021-08-24
CUST-0024,,Male,North,,Primary,2021-06-29
CUST-0025,23.0,Female,North,23108.38,Graduate,2021-02-07
CUST-0026,34.0,Male,West,93603.67,Graduate,2021-02-21
CUST-0027,53.0,Other,North,34053.48,Graduate,2019-02-03
CUST-0028,45.0,Other,North,64032.19,Post-Graduate,2021-04-29
CUST-0029,51.0,Male,West,128147.24,Post-Graduate,2022-03-13
CUST-0030,30.0,Female,South,36612.08,Graduate,2021-06-07
CUST-0031,36.0,Female,West,28529.83,Graduate,2021-02-04
CUST-0032,33.0,Male,South,53817.18,Post-Graduate,2023-08-15
CUST-0033,24.0,Female,North,75101.11,Primary,2023-05-17
CUST-0034,38.0,Male,North,52364.07,Graduate,2024-09-01
CUST-0035,44.0,Male,East,39647.48,Secondary,2020-10-22
CUST-0036,46.0,Male,East,64024.87,Graduate,2024-08-07
CUST-0037,27.0,Male,South,39445.71,Secondary,2021-09-22
CUST-0038,34.0,Female,West,104367.32,Secondary,2022-05-16
CUST-0039,63.0,Male,East,30672.09,Graduate,2024-11-06
CUST-0040,18.0,Male,North,61291.24,Post-Graduate,2024-07-06
CUST-0041,23.0,Male,East,40960.0,Secondary,2021-01-25
CUST-0042,23.0,Other,South,50395.05,Graduate,2024-11-09
CUST-0043,61.0,Male,West,86136.95,Graduate,2023-08-17
CUST-0044,53.0,Female,South,37208.93,Secondary,2021-04-09
CUST-0045,22.0,Male,North,42825.13,Graduate,2022-12-10
CUST-0046,30.0,Male,North,60792.19,Graduate,2020-11-06
CUST-0047,48.0,Female,West,113800.63,Graduate,2024-12-08
CUST-0048,,Male,West,,Graduate,2022-12-08
CUST-0049,30.0,Female,West,,Graduate,2023-01-03
CUST-0050,56.0,Female,South,48469.51,Graduate,2022-06-30
CUST-0051,43.0,Male,West,47351.26,Primary,2024-12-16
CUST-0052,50.0,Male,West,74035.13,Post-Graduate,2019-12-02
CUST-0053,44.0,Male,East,38093.73,Secondary,2021-05-11
CUST-0054,50.0,Other,South,102226.13,Graduate,2019-12-21
CUST-0055,43.0,Female,South,53671.2,Primary,2019-08-21
CUST-0056,33.0,Male,North,56178.14,Secondary,2019-03-09
CUST-0057,20.0,Female,West,51619.4,Graduate,2019-08-22
CUST-0058,25.0,Male,North,64034.94,Post-Graduate,2023-03-31
CUST-0059,51.0,Other,East,44048.61,Secondary,2021-02-14
CUST-0060,26.0,Male,South,32768.62,Post-Graduate,2021-12-22
CUST-0061,57.0,Female,North,28802.28,Graduate,2024-08-21
CUST-0062,48.0,Female,West,38303.42,Graduate,2024-12-09
CUST-0063,42.0,Male,North,43241.81,Secondary,2019-10-15
CUST-0064,43.0,Male,West,45014.93,Graduate,2021-09-16
CUST-0065,61.0,Male,North,38462.91,Post-Graduate,2023-11-21
CUST-0066,,,North,62683.84,Secondary,2023-02-24
CUST-0067,,Female,East,85231.63,Post-Graduate,2022-03-20
CUST-0068,46.0,Female,West,59247.62,Secondary,2023-10-04
CUST-0069,32.0,Female,East,100401.41,Graduate,2023-06-12
CUST-0070,57.0,Female,South,89981.34,Graduate,2024-09-23
CUST-0071,23.0,Female,West,,Secondary,2020-09-18
CUST-0072,61.0,Other,West,51626.17,Secondary,2021-04-05
CUST-0073,36.0,Male,East,,Graduate,2021-02-20
CUST-0074,57.0,Male,North,47972.04,Secondary,2019-12-08
CUST-0075,50.0,Female,South,32254.64,Graduate,2021-04-12
CUST-0076,22.0,Female,North,39327.31,Primary,2024-12-24
CUST-0077,52.0,Female,West,20314.93,Secondary,2020-08-22
CUST-0078,50.0,Female,South,159663.53,Graduate,2023-11-07
CUST-0079,34.0,Male,East,110245.33,Post-Graduate,2021-02-11
CUST-0080,53.0,Male,East,114616.95,Post-Graduate,2019-08-18
CUST-0081,19.0,Other,North,124013.66,Secondary,2024-04-09
CUST-0082,19.0,Male,West,63644.36,Secondary,2023-06-23
CUST-0083,45.0,Female,North,58432.82,Graduate,2024-11-11
CUST-0084,51.0,Male,North,39457.5,Graduate,2021-05-05
CUST-0085,50.0,Female,East,27591.14,Post-Graduate,2023-08-28
CUST-0086,49.0,Male,South,102167.14,Secondary,2022-12-01
CUST-0087,20.0,Male,North,30028.46,Graduate,2023-12-12
CUST-0088,40.0,Male,East,,Post-Graduate,2021-01-06
CUST-0089,28.0,Male,North,93040.32,Secondary,2022-10-21
CUST-0090,47.0,Other,West,,Primary,2023-05-24
CUST-0091,43.0,Male,West,110917.27,Graduate,2021-05-15
CUST-0092,35.0,Male,South,136093.94,Secondary,2021-09-30
CUST-0093,21.0,Male,West,68293.6,Graduate,2022-04-08
CUST-0094,19.0,Male,East,112609.71,Graduate,2021-11-30
CUST-0095,19.0,Female,East,25743.23,Secondary,2020-03-29
CUST-0096,33.0,Male,East,,Graduate,2022-12-14
CUST-0097,51.0,Female,West,76949.38,Secondary,2022-03-01
CUST-0098,51.0,Male,South,138882.79,Graduate,2019-05-22
CUST-0099,29.0,Male,West,34824.51,Secondary,2020-11-08
CUST-0100,29.0,Female,North,97678.0,Graduate,2022-10-30
CUST-0101,31.0,Male,East,46810.79,Post-Graduate,2024-01-05
CUST-0102,55.0,Female,South,75525.53,Secondary,2024-07-07
CUST-0103,54.0,,North,,Secondary,2019-03-11
CUST-0104,40.0,Female,South,63315.38,Secondary,2021-05-24
CUST-0105,35.0,Male,North,33409.09,Graduate,2019-10-19
CUST-0106,27.0,Male,West,46012.04,Graduate,2022-06-26
CUST-0107,47.0,Female,North,43514.33,Graduate,2023-02-25
CUST-0108,61.0,Female,South,60503.74,Graduate,2019-07-24
CUST-0109,21.0,Male,North,,Primary,2024-01-25
CUST-0110,48.0,Female,West,64356.68,Post-Graduate,2021-09-07
CUST-0111,56.0,Female,North,17712.13,Primary,2020-03-14
CUST-0112,,Female,North,69878.97,Graduate,2020-03-14
CUST-0113,46.0,Male,East,38948.44,Primary,2025-01-03
CUST-0114,42.0,Male,East,50809.62,Post-Graduate,2024-07-05
CUST-0115,19.0,Male,North,12441.96,Secondary,2021-02-05
CUST-0116,59.0,Female,South,68750.35,Secondary,2020-12-09
CUST-0117,19.0,Female,East,37095.23,Graduate,2019-07-31
CUST-0118,46.0,Female,South,,Graduate,2024-08-23
CUST-0119,34.0,Female,South,107207.2,Secondary,2024-03-03
CUST-0120,61.0,Male,North,47712.4,Post-Graduate,2022-09-15
CUST-0121,,,North,1500.0,Primary,2024-04-11
CUST-0122,43.0,Female,South,91094.34,Graduate,2021-09-29
CUST-0123,53.0,Female,East,52213.43,Graduate,2024-10-08
CUST-0124,28.0,Female,West,,Secondary,2019-05-25
CUST-0125,27.0,Female,North,39502.12,Graduate,2020-10-01
CUST-0126,22.0,Male,East,40651.0,Secondary,2023-04-08
CUST-0127,46.0,Female,West,79658.32,Secondary,2019-02-16
CUST-0128,34.0,Female,East,155928.32,Graduate,2020-12-15
CUST-0129,52.0,Female,East,45196.66,Secondary,2023-10-26
CUST-0130,59.0,Male,North,132914.9,Graduate,2022-05-28
CUST-0131,18.0,Female,West,47304.47,Post-Graduate,2024-10-12
CUST-0132,48.0,Female,West,57713.17,Primary,2019-01-07
CUST-0133,32.0,Female,West,72807.94,Graduate,2020-04-05
CUST-0134,19.0,Female,West,38602.92,Secondary,2021-01-29
CUST-0135,32.0,Female,East,,Primary,2021-02-13
CUST-0136,19.0,Male,East,71577.12,Graduate,2023-03-23
CUST-0137,54.0,Female,West,28041.51,Post-Graduate,2023-10-11
CUST-0138,18.0,Male,West,61295.66,Secondary,2023-11-12
CUST-0139,21.0,Male,East,24478.2,Graduate,2022-06-29
CUST-0140,25.0,Female,East,96126.31,Secondary,2024-02-10
CUST-0141,50.0,Male,North,43515.7,Graduate,2022-07-18
CUST-0142,42.0,Male,North,55440.33,Secondary,2020-04-05
CUST-0143,53.0,,South,72041.68,Graduate,2021-08-05
CUST-0144,48.0,Male,South,34499.03,Graduate,2024-07-11
CUST-0145,62.0,Female,East,41614.72,Secondary,2021-08-12
CUST-0146,28.0,Female,North,49816.88,Graduate,2024-05-01
CUST-0147,47.0,Female,South,57155.46,Post-Graduate,2021-11-22
CUST-0148,,Male,West,81415.62,Graduate,2020-10-10
CUST-0149,61.0,Male,West,67028.77,Graduate,2023-03-07
CUST-0150,57.0,Female,East,1500.0,Post-Graduate,2019-03-08
CUST-0151,48.0,Female,North,88762.54,Graduate,2024-09-22
CUST-0152,55.0,Male,North,43346.16,Secondary,2021-04-23
CUST-0153,30.0,Female,East,62542.58,Graduate,2020-12-27
CUST-0154,62.0,,West,17983.34,Graduate,2019-01-07
CUST-0155,53.0,Male,South,74791.24,Post-Graduate,2021-01-17
CUST-0156,52.0,Female,South,100356.73,Post-Graduate,2022-01-31
CUST-0157,36.0,Male,West,30647.26,Post-Graduate,2022-05-11
CUST-0158,44.0,,East,34975.95,Graduate,2020-10-02
CUST-0159,49.0,Female,North,77680.62,Secondary,2020-11-27
CUST-0160,33.0,Female,South,81511.92,Graduate,2023-07-12
CUST-0161,43.0,Male,East,55019.54,Graduate,2023-11-08
CUST-0162,36.0,Male,West,58033.65,Secondary,2019-11-28
CUST-0163,32.0,Female,West,41353.62,Graduate,2023-01-01
CUST-0164,56.0,Female,East,74763.07,Post-Graduate,2023-03-03
CUST-0165,21.0,Male,East,,Primary,2023-11-14
CUST-0166,,Male,East,66608.29,Secondary,2023-08-05
CUST-0167,62.0,Female,South,45243.63,Post-Graduate,2021-01-08
CUST-0168,55.0,Male,North,26858.54,Graduate,2022-06-24
CUST-0169,30.0,Male,West,41141.7,Secondary,2019-05-06
CUST-0170,19.0,Female,North,39672.97,Secondary,2024-01-15
CUST-0171,23.0,Male,South,106962.2,Secondary,2022-04-21
CUST-0172,28.0,Male,South,29319.22,Graduate,2021-10-08
CUST-0173,64.0,Male,North,57487.25,Graduate,2020-02-03
CUST-0174,60.0,Female,West,81658.25,Primary,2023-09-05
CUST-0175,54.0,Male,South,40847.11,Post-Graduate,2024-06-12
CUST-0176,21.0,Female,East,114479.94,Post-Graduate,2023-11-22
CUST-0177,40.0,Female,West,108019.51,Secondary,2024-01-05
CUST-0178,23.0,Female,North,22786.69,Secondary,2021-07-16
CUST-0179,29.0,Male,South,140048.5,Post-Graduate,2020-10-02
CUST-0180,37.0,Female,North,54204.11,Secondary,2019-04-22
CUST-0181,53.0,Male,East,84769.1,Primary,2021-01-14
CUST-0182,52.0,Male,South,45829.45,Secondary,2019-11-09
CUST-0183,57.0,Male,West,77500.46,Graduate,2019-09-07
CUST-0184,29.0,Male,South,64081.0,Primary,2021-08-20
CUST-0185,18.0,Female,South,96476.04,Secondary,2021-05-09
CUST-0186,,Male,West,40989.53,Post-Graduate,2022-11-10
CUST-0187,54.0,Male,North,58893.72,Post-Graduate,2019-06-02
CUST-0188,61.0,Male,North,107755.81,Secondary,2023-08-10
CUST-0189,19.0,Female,West,50745.5,Post-Graduate,2020-07-10
CUST-0190,44.0,Male,South,50919.7,Graduate,2024-05-04
CUST-0191,39.0,Female,West,,Secondary,2021-06-04
CUST-0192,34.0,Male,East,,Graduate,2023-10-21
CUST-0193,63.0,Female,North,61135.9,Post-Graduate,2024-05-13
CUST-0194,31.0,Female,South,60449.61,Secondary,2021-08-16
CUST-0195,33.0,Male,South,86568.75,Graduate,2022-07-11
CUST-0196,60.0,Female,East,37807.0,Post-Graduate,2020-08-23
CUST-0197,41.0,Female,North,31808.19,Graduate,2023-01-23
CUST-0198,20.0,Male,East,57728.19,Secondary,2021-12-08
CUST-0199,33.0,Male,South,42230.13,Secondary,2022-05-20
CUST-0200,29.0,Female,West,46739.09,Post-Graduate,2023-07-26
CUST-0201,,Male,East,43996.1,Post-Graduate,2022-03-14
CUST-0202,,Male,West,29850.63,Graduate,2022-01-09
CUST-0203,36.0,,East,39340.5,Post-Graduate,2024-05-30
CUST-0204,63.0,Female,North,,Secondary,2020-01-27
CUST-0205,41.0,Male,North,200514.98,Post-Graduate,2019-11-13
CUST-0206,44.0,,East,74439.1,Post-Graduate,2023-10-27
CUST-0207,34.0,Female,South,102490.55,Secondary,2024-07-12
CUST-0208,,Female,West,81840.75,Secondary,2024-06-13
CUST-0209,25.0,Male,West,40271.68,Graduate,2021-06-02
CUST-0210,51.0,Male,West,51795.49,Secondary,2021-01-26
CUST-0211,63.0,Male,East,37643.14,Secondary,2020-10-22
CUST-0212,59.0,Female,North,95883.03,Secondary,2019-10-08
CUST-0213,28.0,,North,45949.87,Graduate,2024-12-15
CUST-0214,57.0,Female,South,80574.96,Primary,2019-07-27
CUST-0215,49.0,Female,West,57625.82,Post-Graduate,2020-10-15
CUST-0216,40.0,Female,North,110579.0,Secondary,2024-09-18
CUST-0217,18.0,Female,East,2500000.0,Primary,2021-08-04
CUST-0218,35.0,Female,East,166148.7,Graduate,2024-04-14
CUST-0219,19.0,Male,West,,Secondary,2019-04-13
CUST-0220,23.0,Female,South,70077.79,Graduate,2023-01-10
CUST-0221,40.0,Female,West,,Graduate,2020-07-11
CUST-0222,39.0,Male,North,39089.76,Graduate,2023-06-01
CUST-0223,28.0,Female,West,49415.59,Graduate,2024-05-27
CUST-0224,,Male,North,67541.39,Secondary,2022-11-01
CUST-0225,29.0,Male,South,51842.14,Secondary,2024-02-25
CUST-0226,33.0,Male,North,50520.3,Graduate,2023-02-05
CUST-0227,31.0,Other,South,70185.66,Post-Graduate,2024-09-01
CUST-0228,53.0,Male,South,28059.39,Primary,2020-09-27
CUST-0229,37.0,Female,South,65810.16,Graduate,2019-04-22
CUST-0230,62.0,Other,South,71421.61,Secondary,2020-04-02
CUST-0231,61.0,,West,49223.73,Secondary,2020-02-23
CUST-0232,57.0,Male,South,,Post-Graduate,2019-03-13
CUST-0233,,Male,South,41226.96,Post-Graduate,2019-12-20
CUST-0234,50.0,Female,West,44304.57,Graduate,2022-09-09
CUST-0235,36.0,Male,North,136053.8,Graduate,2022-07-12
CUST-0236,21.0,Other,North,32253.87,Graduate,2023-01-11
CUST-0237,21.0,Male,West,59761.75,Post-Graduate,2024-11-07
CUST-0238,27.0,Male,East,47740.22,Graduate,2024-10-07
CUST-0239,43.0,Male,West,122725.05,Secondary,2022-07-31
CUST-0240,64.0,Female,West,70343.2,Graduate,2021-08-27
CUST-0241,55.0,Female,South,39218.27,Graduate,2024-02-01
CUST-0242,44.0,Male,North,31792.98,Graduate,2019-06-15
CUST-0243,20.0,Female,West,27260.31,Graduate,2019-11-05
CUST-0244,19.0,Other,North,74225.45,Graduate,2024-10-08
CUST-0245,42.0,Other,West,26503.38,Secondary,2023-06-02
CUST-0246,29.0,Male,East,29915.2,Graduate,2021-08-16
CUST-0247,39.0,Female,West,33829.94,Primary,2021-11-25
CUST-0248,48.0,Female,East,59295.57,Graduate,2023-02-27
CUST-0249,29.0,Female,West,38407.44,Primary,2021-05-09
CUST-0250,56.0,Female,East,20138.41,Post-Graduate,2019-04-09
CUST-0251,,Female,West,35659.38,Primary,2021-06-04
CUST-0252,52.0,Female,North,27443.94,Graduate,2021-09-27
CUST-0253,29.0,Male,North,72875.66,Post-Graduate,2020-02-01
CUST-0254,23.0,Female,South,52923.61,Secondary,2022-10-08
CUST-0255,19.0,Other,East,42476.91,Post-Graduate,2019-04-22
CUST-0256,63.0,Male,East,68282.57,Graduate,2024-10-28
CUST-0257,25.0,Female,East,105915.47,Secondary,2024-11-06
CUST-0258,52.0,Male,South,,Graduate,2023-07-29
CUST-0259,57.0,Female,West,,Secondary,2019-02-14
CUST-0260,31.0,Female,South,43187.81,Post-Graduate,2023-05-13
CUST-0261,38.0,Female,East,53009.62,Primary,2023-01-19
CUST-0262,31.0,Female,South,27051.62,Post-Graduate,2021-11-17
CUST-0263,46.0,,North,70506.68,Graduate,2021-10-11
CUST-0264,21.0,Female,South,52939.38,Secondary,2023-03-26
CUST-0265,60.0,Male,North,128346.39,Graduate,2024-05-25
CUST-0266,58.0,Female,East,184263.56,Primary,2024-01-09
CUST-0267,18.0,Male,South,52557.9,Secondary,2023-03-01
CUST-0268,33.0,,North,35107.93,Primary,2023-04-28
CUST-0269,,Other,North,58718.87,Graduate,2019-10-29
CUST-0270,21.0,Female,East,59642.36,Secondary,2024-05-05
CUST-0271,46.0,Female,North,41274.18,Secondary,2024-05-16
CUST-0272,27.0,Female,South,48599.56,Graduate,2022-09-02
CUST-0273,35.0,Male,South,,Secondary,2019-08-13
CUST-0274,62.0,Other,East,,Graduate,2021-06-02
CUST-0275,24.0,Male,East,46565.37,Post-Graduate,2024-04-02
CUST-0276,19.0,Male,North,49679.33,Graduate,2024-02-06
CUST-0277,57.0,Female,West,42994.69,Graduate,2024-08-30
CUST-0278,48.0,Female,East,65561.29,Post-Graduate,2023-12-27
CUST-0279,56.0,Female,North,37194.16,Secondary,2024-05-14
CUST-0280,37.0,,West,84053.94,Post-Graduate,2019-12-22
CUST-0281,64.0,Male,South,44449.59,Graduate,2021-03-16
CUST-0282,40.0,Female,South,61102.43,Secondary,2024-02-10
CUST-0283,51.0,Male,South,27926.36,Post-Graduate,2019-11-09
CUST-0284,40.0,Male,South,54622.37,Graduate,2024-03-31
CUST-0285,30.0,Female,East,48750.13,Secondary,2024-03-11
CUST-0286,41.0,,South,57462.53,Post-Graduate,2024-03-19
CUST-0287,56.0,Male,South,92125.94,Graduate,2019-11-21
CUST-0288,25.0,,East,,Primary,2020-07-19
CUST-0289,62.0,,North,62220.35,Graduate,2023-04-21
CUST-0290,,Other,East,30797.77,Secondary,2020-12-15
CUST-0291,47.0,,North,66399.25,Graduate,2024-12-05
CUST-0292,49.0,Other,South,,Secondary,2019-01-18
CUST-0293,59.0,Male,North,41450.85,Primary,2020-08-08
CUST-0294,,Male,West,47771.82,Graduate,2019-02-04
CUST-0295,39.0,Female,West,63421.83,Graduate,2023-08-21
CUST-0296,62.0,Male,East,116688.91,Secondary,2023-12-23
CUST-0297,41.0,Male,South,43546.67,Primary,2021-05-15
CUST-0298,52.0,Male,North,109451.63,Secondary,2023-11-04
CUST-0299,37.0,Other,North,65505.36,Post-Graduate,2020-08-22
CUST-0300,30.0,Female,West,47135.26,Graduate,2021-05-11
CUST-0301,23.0,Male,West,90619.15,Graduate,2021-07-05
CUST-0302,41.0,Female,South,81518.6,Graduate,2019-07-09
CUST-0303,23.0,Male,North,53082.87,Post-Graduate,2024-03-02
CUST-0304,34.0,Female,South,100319.51,Post-Graduate,2023-05-27
CUST-0305,51.0,Female,South,26239.07,Secondary,2022-04-07
CUST-0306,50.0,Female,North,78495.26,Graduate,2023-09-17
CUST-0307,45.0,Male,West,36314.48,Secondary,2019-01-27
CUST-0308,33.0,Other,West,2500000.0,Post-Graduate,2019-09-21
CUST-0309,,Male,South,30165.08,Graduate,2020-08-29
CUST-0310,62.0,Male,West,52082.72,Post-Graduate,2019-01-14
CUST-0311,45.0,Male,South,97066.02,Graduate,2019-03-01
CUST-0312,53.0,Male,West,67075.2,Graduate,2021-08-27
CUST-0313,47.0,,North,41348.88,Graduate,2021-02-03
CUST-0314,53.0,Male,West,,Graduate,2019-02-28
CUST-0315,22.0,Female,West,49393.57,Graduate,2024-09-27
CUST-0316,28.0,,West,47178.76,Secondary,2023-05-16
CUST-0317,42.0,Male,North,29763.15,Post-Graduate,2021-08-28
CUST-0318,55.0,Male,West,94379.3,Graduate,2020-04-22
CUST-0319,42.0,Male,North,44334.62,Secondary,2024-09-12
CUST-0320,31.0,Female,East,38278.65,Graduate,2021-10-19
CUST-0321,20.0,Male,North,69846.62,Post-Graduate,2022-09-22
CUST-0322,24.0,Female,West,52154.24,Graduate,2023-03-11
CUST-0323,59.0,Female,South,32065.28,Graduate,2019-03-19
CUST-0324,42.0,,South,45871.07,Graduate,2024-03-01
CUST-0325,35.0,Male,East,34998.18,Graduate,2021-06-30
CUST-0326,44.0,Female,South,59783.0,Graduate,2021-10-21
CUST-0327,46.0,Male,East,,Graduate,2019-11-22
CUST-0328,62.0,Other,South,,Post-Graduate,2021-02-20
CUST-0329,22.0,Male,South,21856.88,Graduate,2022-07-31
CUST-0330,,Male,West,92495.27,Graduate,2024-03-07
CUST-0331,25.0,Other,North,23184.5,Secondary,2024-11-08
CUST-0332,60.0,Female,South,60183.87,Post-Graduate,2022-10-02
CUST-0333,49.0,Female,South,63221.63,Secondary,2024-12-23
CUST-0334,48.0,Female,East,64711.1,Graduate,2020-12-01
CUST-0335,,Male,West,37149.3,Graduate,2022-03-07
CUST-0336,,Female,South,213573.41,Secondary,2021-12-16
CUST-0337,54.0,Other,East,35472.86,Graduate,2024-12-05
CUST-0338,25.0,Female,South,63468.46,Secondary,2023-10-14
CUST-0339,48.0,Female,South,,Secondary,2019-07-20
CUST-0340,42.0,Female,East,32046.7,Secondary,2019-08-20
CUST-0341,47.0,Male,West,72771.5,Secondary,2019-12-22
CUST-0342,43.0,Female,South,29760.42,Post-Graduate,2024-11-03
CUST-0343,34.0,Male,West,,Secondary,2023-02-14
CUST-0344,57.0,Female,East,62797.61,Graduate,2023-04-25
CUST-0345,36.0,Male,East,54219.68,Secondary,2022-04-03
CUST-0346,30.0,,South,44869.06,Post-Graduate,2023-03-12
CUST-0347,42.0,Female,North,55331.2,Graduate,2019-11-28
CUST-0348,44.0,Male,East,27115.37,Primary,2019-12-11
CUST-0349,57.0,Female,South,53582.59,Graduate,2021-11-22
CUST-0350,21.0,Female,East,98968.62,Post-Graduate,2023-08-07
CUST-0351,47.0,Female,West,92353.02,Secondary,2022-08-19
CUST-0352,61.0,Female,North,65426.5,Primary,2021-10-13
CUST-0353,27.0,Male,South,33668.89,Graduate,2024-08-25
CUST-0354,28.0,Female,West,29559.08,Graduate,2023-08-20
CUST-0355,19.0,Male,West,65322.35,Graduate,2024-11-09
CUST-0356,35.0,Female,East,60273.67,Post-Graduate,2024-06-16
CUST-0357,59.0,Male,East,32579.16,Secondary,2022-06-16
CUST-0358,46.0,Male,West,83664.0,Primary,2020-11-03
CUST-0359,,Female,East,105953.51,Post-Graduate,2021-08-14
CUST-0360,56.0,Male,South,,Primary,2020-12-28
CUST-0361,60.0,Male,North,25097.37,Graduate,2022-01-07
CUST-0362,47.0,Female,West,55040.54,Secondary,2021-05-22
CUST-0363,50.0,,South,30419.76,Secondary,2025-01-05
CUST-0364,25.0,Other,East,39380.68,Secondary,2022-10-23
CUST-0365,18.0,Male,West,43122.17,Secondary,2019-06-18
CUST-0366,43.0,,South,134097.68,Secondary,2019-05-15
CUST-0367,40.0,Male,North,110388.43,Post-Graduate,2020-05-09
CUST-0368,26.0,Male,East,102249.46,Secondary,2019-09-06
CUST-0369,54.0,Male,West,74340.95,Graduate,2024-10-19
CUST-0370,28.0,Female,West,50374.76,Secondary,2024-06-14
CUST-0371,30.0,Male,East,34814.78,Graduate,2021-07-15
CUST-0372,49.0,Female,East,29054.8,Secondary,2022-05-13
CUST-0373,47.0,Female,West,61488.35,Graduate,2021-07-22
CUST-0374,44.0,Male,East,86426.68,Primary,2024-05-20
CUST-0375,29.0,Female,South,79887.8,Post-Graduate,2023-01-01
CUST-0376,64.0,Female,North,46912.49,Post-Graduate,2022-02-27
CUST-0377,47.0,Male,North,73946.48,Secondary,2025-01-07
CUST-0378,23.0,Other,South,55842.32,Secondary,2020-09-25
CUST-0379,24.0,,West,33365.84,Secondary,2020-02-06
CUST-0380,53.0,Female,South,63458.27,Graduate,2024-08-17
CUST-0381,41.0,Male,South,53824.03,Primary,2022-09-02
CUST-0382,64.0,Male,South,48011.16,Primary,2020-08-29
CUST-0383,57.0,Female,East,56871.17,Graduate,2021-09-04
CUST-0384,59.0,Female,North,2500000.0,Secondary,2024-09-05
CUST-0385,57.0,Female,North,62565.3,Primary,2019-10-20
CUST-0386,33.0,Female,West,27306.53,Secondary,2019-09-23
CUST-0387,28.0,Female,West,41078.04,Secondary,2021-12-24
CUST-0388,38.0,Male,East,,Secondary,2019-11-21
CUST-0389,26.0,Male,East,78330.43,Post-Graduate,2019-07-24
CUST-0390,47.0,Male,East,59929.11,Secondary,2023-11-08
CUST-0391,36.0,Female,South,25273.75,Secondary,2022-12-18
CUST-0392,23.0,Female,East,39433.52,Secondary,2022-05-18
CUST-0393,36.0,Male,West,77131.63,Graduate,2024-03-30
CUST-0394,26.0,Female,North,48366.62,Graduate,2020-10-19
CUST-0395,32.0,Female,West,56717.45,Secondary,2024-04-24
CUST-0396,37.0,Male,East,87221.88,Graduate,2021-05-18
CUST-0397,18.0,Male,East,90734.83,Graduate,2019-06-05
CUST-0398,53.0,Other,West,53657.89,Primary,2021-03-05
CUST-0399,25.0,Other,East,44189.82,Graduate,2021-04-05
CUST-0400,44.0,Female,North,29840.5,Graduate,2020-12-26
CUST-0401,62.0,Male,East,27065.35,Post-Graduate,2021-04-10
CUST-0402,44.0,Female,North,2500000.0,Post-Graduate,2023-02-18
CUST-0403,62.0,Male,East,54593.22,Graduate,2019-01-06
CUST-0404,34.0,Female,West,37458.28,Post-Graduate,2021-08-20
CUST-0405,,Female,South,94268.34,Post-Graduate,2023-05-01
CUST-0406,39.0,Male,North,53296.42,Graduate,2023-01-29
CUST-0407,18.0,Male,West,15754.69,Secondary,2023-03-05
CUST-0408,51.0,Male,East,84297.67,Secondary,2022-07-09
CUST-0409,38.0,Female,East,,Primary,2020-09-04
CUST-0410,38.0,Male,South,43145.35,Graduate,2021-05-09
CUST-0411,20.0,Male,South,52799.94,Graduate,2024-01-14
CUST-0412,32.0,Male,South,70037.8,Graduate,2022-05-29
CUST-0413,33.0,Male,West,,Post-Graduate,2024-07-18
CUST-0414,19.0,Male,South,77276.65,Graduate,2022-11-27
CUST-0415,61.0,Female,West,46137.39,Secondary,2022-07-09
CUST-0416,,Female,East,38724.48,Post-Graduate,2022-03-15
CUST-0417,21.0,Male,West,66234.69,Graduate,2022-02-06
CUST-0418,18.0,Female,South,29398.7,Post-Graduate,2019-06-14
CUST-0419,50.0,Female,East,84341.62,Post-Graduate,2019-11-19
CUST-0420,41.0,Female,West,23342.37,Secondary,2020-02-09
CUST-0421,42.0,Male,North,83419.69,Graduate,2023-02-09
CUST-0422,56.0,Female,West,51282.58,Graduate,2020-11-09
CUST-0423,22.0,Other,South,111388.3,Graduate,2019-11-14
CUST-0424,61.0,Male,North,53509.06,Secondary,2024-01-26
CUST-0425,23.0,Female,South,78670.71,Post-Graduate,2022-10-24
CUST-0426,48.0,Male,North,87939.1,Graduate,2019-12-18
CUST-0427,39.0,Male,North,74743.33,Post-Graduate,2021-11-04
CUST-0428,23.0,Female,West,75914.91,Secondary,2022-03-10
CUST-0429,18.0,Male,South,72219.53,Graduate,2021-02-07
CUST-0430,,Male,South,29258.86,Secondary,2023-11-07
CUST-0431,,Male,North,45451.22,Graduate,2023-01-21
CUST-0432,44.0,Female,North,45669.98,Primary,2023-08-29
CUST-0433,55.0,,West,70282.01,Secondary,2022-06-13
CUST-0434,32.0,Female,North,89929.82,Graduate,2019-05-17
CUST-0435,27.0,Male,North,49789.94,Post-Graduate,2023-07-19
CUST-0436,38.0,Female,West,47572.29,Secondary,2024-06-28
CUST-0437,20.0,Female,North,54058.8,Graduate,2019-12-11
CUST-0438,33.0,Female,South,61756.87,Graduate,2021-12-09
CUST-0439,61.0,Male,East,43094.37,Post-Graduate,2020-01-05
CUST-0440,35.0,Other,North,87212.72,Post-Graduate,2021-09-03
CUST-0441,59.0,Female,West,73430.0,Primary,2019-05-14
CUST-0442,59.0,Female,North,84363.3,Primary,2023-12-13
CUST-0443,63.0,Male,East,103366.16,Post-Graduate,2023-08-18
CUST-0444,55.0,Female,South,65858.87,Graduate,2020-07-02
CUST-0445,28.0,Female,East,94179.35,Graduate,2020-02-07
CUST-0446,33.0,Other,West,72237.57,Graduate,2019-03-07
CUST-0447,,Female,South,43016.57,Post-Graduate,2021-08-07
CUST-0448,20.0,Male,North,84819.13,Graduate,2024-02-05
CUST-0449,54.0,Female,East,22787.71,Secondary,2021-01-28
CUST-0450,,Male,West,67978.06,Graduate,2023-04-13
CUST-0451,21.0,Male,South,52746.0,Graduate,2019-05-17
CUST-0452,,Female,East,,Secondary,2024-05-17
CUST-0453,33.0,Male,North,51997.18,Graduate,2023-04-13
CUST-0454,42.0,Other,West,69444.48,Secondary,2020-08-19
CUST-0455,45.0,Female,South,34423.2,Graduate,2024-02-26
CUST-0456,,Female,East,52495.73,Graduate,2021-08-28
CUST-0457,39.0,Female,North,35881.27,Secondary,2020-06-19
CUST-0458,62.0,Male,West,49391.35,Graduate,2024-05-16
CUST-0459,27.0,Other,East,40627.59,Graduate,2023-10-21
CUST-0460,23.0,Male,South,103579.05,Graduate,2022-04-23
CUST-0461,40.0,Male,East,113871.0,Secondary,2019-12-14
CUST-0462,47.0,Female,South,39024.27,Graduate,2020-08-23
CUST-0463,64.0,Male,South,186206.79,Graduate,2023-02-25
CUST-0464,59.0,Male,South,115600.62,Post-Graduate,2024-03-08
CUST-0465,47.0,Female,South,42730.56,Primary,2023-05-05
CUST-0466,30.0,Female,South,,Primary,2024-06-27
CUST-0467,28.0,,South,86611.47,Primary,2019-06-17
CUST-0468,20.0,Female,West,66799.37,Post-Graduate,2020-05-29
CUST-0469,22.0,Male,South,,Post-Graduate,2021-10-12
CUST-0470,52.0,,East,34766.65,Post-Graduate,2020-06-19
CUST-0471,43.0,Female,South,35529.08,Graduate,2019-01-22
CUST-0472,24.0,Male,North,58947.47,Secondary,2023-05-29
CUST-0473,57.0,Female,South,31489.62,Secondary,2024-11-06
CUST-0474,,Female,North,46157.67,Graduate,2024-07-04
CUST-0475,58.0,Female,North,65194.07,Secondary,2021-06-02
CUST-0476,48.0,Male,West,83595.16,Post-Graduate,2021-10-27
CUST-0477,31.0,Female,South,41883.76,Post-Graduate,2023-02-27
CUST-0478,,Female,East,48471.85,Primary,2020-08-24
CUST-0479,29.0,Female,West,61681.57,Primary,2019-07-22
CUST-0480,61.0,Male,East,72751.27,Graduate,2023-06-03
CUST-0481,64.0,Female,East,38060.45,Secondary,2022-08-31
CUST-0482,41.0,Male,West,34182.35,Post-Graduate,2023-10-28
CUST-0483,25.0,Male,West,100142.09,Primary,2022-10-07
CUST-0484,,Female,West,67337.15,Post-Graduate,2021-03-26
CUST-0485,24.0,Female,North,53958.34,Graduate,2023-08-28
CUST-0486,43.0,,North,85363.58,Graduate,2023-06-15
CUST-0487,55.0,Male,South,48581.1,Post-Graduate,2019-06-08
CUST-0488,42.0,Male,North,33420.17,Primary,2020-01-20
CUST-0489,36.0,Other,North,87774.18,Graduate,2022-10-20
CUST-0490,25.0,Female,East,64362.16,Post-Graduate,2022-11-18
CUST-0491,49.0,Female,West,54555.46,Secondary,2023-03-10
CUST-0492,47.0,Female,North,58559.46,Graduate,2024-09-09
CUST-0493,23.0,Female,South,55014.53,Secondary,2023-03-06
CUST-0494,64.0,Male,East,24169.71,Post-Graduate,2021-12-29
CUST-0495,51.0,Male,North,44859.75,Post-Graduate,2022-03-20
CUST-0496,23.0,Male,West,47192.68,Secondary,2024-03-06
CUST-0497,,Female,West,69783.24,Graduate,2022-12-22
CUST-0498,52.0,,South,38203.71,Post-Graduate,2021-08-19
CUST-0499,62.0,,North,104037.96,Graduate,2019-03-22
CUST-0500,26.0,Female,North,218195.71,Graduate,2019-04-27
CUST-0501,54.0,Male,East,62438.15,Graduate,2022-01-16
CUST-0502,27.0,Female,West,,Post-Graduate,2023-06-21
CUST-0503,51.0,Other,North,46056.23,Graduate,2022-03-12
CUST-0504,36.0,Female,East,108630.11,Post-Graduate,2020-09-11
CUST-0505,59.0,Male,South,62353.95,Secondary,2023-07-01
CUST-0506,30.0,Female,West,74373.81,Graduate,2020-11-18
CUST-0507,26.0,Male,West,51628.7,Post-Graduate,2020-11-08
CUST-0508,45.0,Female,South,112382.39,Secondary,2019-06-12
CUST-0509,26.0,Female,North,62470.61,Graduate,2020-11-10
CUST-0510,,,South,98727.14,Graduate,2019-10-10
CUST-0511,,Male,East,43903.7,Graduate,2024-12-05
CUST-0512,49.0,Female,East,102693.61,Graduate,2020-04-03
CUST-0513,23.0,Male,South,32295.91,Post-Graduate,2022-07-29
CUST-0514,38.0,Female,South,,Secondary,2021-09-12
CUST-0515,48.0,Male,North,137794.07,Graduate,2023-07-01
CUST-0516,56.0,Female,West,59350.47,Primary,2019-07-08
CUST-0517,22.0,Male,East,80636.27,Primary,2021-06-23
CUST-0518,55.0,Female,South,62784.23,Secondary,2023-12-02
CUST-0519,51.0,Female,North,76352.74,Post-Graduate,2020-01-16
CUST-0520,51.0,Male,East,60465.51,Secondary,2021-03-11
CUST-0521,27.0,Male,West,43703.94,Secondary,2020-07-07
CUST-0522,47.0,Male,East,94765.11,Graduate,2023-11-08
CUST-0523,48.0,Female,North,52705.4,Graduate,2021-04-06
CUST-0524,59.0,Male,South,26141.91,Graduate,2020-03-20
CUST-0525,28.0,Female,East,64943.55,Secondary,2020-04-24
CUST-0526,42.0,,East,52684.88,Secondary,2019-10-16
CUST-0527,28.0,Female,West,26628.99,Graduate,2020-07-10
CUST-0528,39.0,Female,East,,Graduate,2020-11-23
CUST-0529,61.0,Female,North,36332.88,Post-Graduate,2019-05-17
CUST-0530,45.0,Other,South,58761.83,Post-Graduate,2024-02-02
CUST-0531,55.0,Female,South,87043.53,Secondary,2022-01-05
CUST-0532,,Female,South,22949.54,Graduate,2022-12-19
CUST-0533,61.0,Male,North,135441.37,Graduate,2020-02-07
CUST-0534,40.0,Female,North,28055.96,Primary,2023-11-13
CUST-0535,54.0,Male,North,51613.98,Primary,2019-03-02
CUST-0536,47.0,Male,West,35672.1,Graduate,2024-09-28
CUST-0537,51.0,Other,North,65881.82,Secondary,2021-03-15
CUST-0538,58.0,Female,West,69773.11,Secondary,2024-11-01
CUST-0539,39.0,Male,East,32505.98,Secondary,2020-07-17
CUST-0540,62.0,Female,East,89485.11,Secondary,2022-11-18
CUST-0541,35.0,Female,South,45879.35,Graduate,2021-04-24
CUST-0542,53.0,Female,South,63107.69,Graduate,2019-09-24
CUST-0543,40.0,Female,West,53295.73,Secondary,2023-05-26
CUST-0544,32.0,,West,67131.14,Post-Graduate,2024-12-10
CUST-0545,53.0,Female,South,2500000.0,Post-Graduate,2022-10-01
CUST-0546,54.0,Male,North,31868.17,Primary,2023-06-01
CUST-0547,48.0,Female,West,38947.21,Secondary,2021-08-01
CUST-0548,30.0,Female,North,59815.79,Graduate,2019-02-06
CUST-0549,,Female,South,103712.05,Graduate,2023-05-27
CUST-0550,28.0,Female,East,64335.89,Graduate,2020-05-15
CUST-0551,41.0,Male,South,110374.32,Graduate,2021-02-20
CUST-0552,62.0,Female,South,49620.33,Graduate,2022-08-31
CUST-0553,59.0,Female,South,21370.55,Post-Graduate,2023-09-29
CUST-0554,23.0,Male,South,35430.71,Post-Graduate,2023-04-27
CUST-0555,53.0,Male,West,44335.17,Secondary,2021-11-02
CUST-0556,47.0,Female,West,129771.43,Secondary,2024-09-10
CUST-0557,40.0,Male,North,77669.37,Graduate,2023-10-06
CUST-0558,46.0,Female,East,72468.33,Primary,2019-01-27
CUST-0559,49.0,Other,West,89619.89,Graduate,2024-07-29
CUST-0560,29.0,Male,North,32423.43,Post-Graduate,2022-02-24
CUST-0561,50.0,Male,East,38042.63,Secondary,2022-11-21
CUST-0562,49.0,Male,West,49959.33,Graduate,2022-01-13
CUST-0563,43.0,Female,North,53435.03,Graduate,2019-02-20
CUST-0564,61.0,Other,South,41011.67,Graduate,2024-05-24
CUST-0565,51.0,Male,North,16629.19,Graduate,2022-05-07
CUST-0566,45.0,Male,North,50666.29,Graduate,2024-05-22
CUST-0567,40.0,Female,West,,Primary,2021-09-09
CUST-0568,21.0,,North,37101.43,Post-Graduate,2024-01-10
CUST-0569,63.0,Female,South,72377.48,Graduate,2019-02-14
CUST-0570,49.0,Female,West,81258.34,Graduate,2019-05-13
CUST-0571,49.0,Male,East,47378.28,Graduate,2021-05-27
CUST-0572,46.0,Female,South,60673.47,Graduate,2024-06-14
CUST-0573,27.0,Female,East,71820.4,Primary,2022-12-20
CUST-0574,,Female,West,65479.22,Graduate,2019-09-02
CUST-0575,33.0,Male,North,49625.8,Graduate,2023-11-21
CUST-0576,60.0,Female,East,1500.0,Graduate,2023-04-15
CUST-0577,45.0,Female,South,22181.99,Post-Graduate,2023-03-12
CUST-0578,43.0,Male,East,2500000.0,Secondary,2022-03-26
CUST-0579,58.0,Female,East,61042.4,Post-Graduate,2021-11-03
CUST-0580,61.0,Female,West,,Graduate,2019-02-06
CUST-0581,25.0,Female,West,84939.25,Graduate,2022-05-26
CUST-0582,40.0,Female,North,56760.63,Secondary,2024-02-03
CUST-0583,50.0,Female,East,,Secondary,2024-10-23
CUST-0584,20.0,Male,South,40892.69,Graduate,2019-03-09
CUST-0585,29.0,Female,West,45395.86,Secondary,2021-05-05
CUST-0586,59.0,Female,East,53134.19,Post-Graduate,2024-05-14
CUST-0587,49.0,Female,South,51769.53,Post-Graduate,2020-02-08
CUST-0588,24.0,Female,North,,Post-Graduate,2023-05-23
CUST-0589,36.0,Female,East,77985.0,Graduate,2021-01-11
CUST-0590,43.0,Male,West,153835.77,Secondary,2020-02-06
CUST-0591,29.0,Male,West,45508.52,Primary,2023-05-20
CUST-0592,43.0,Male,West,49010.62,Secondary,2020-09-17
CUST-0593,62.0,Female,South,60249.32,Post-Graduate,2020-01-09
CUST-0594,31.0,Female,North,94544.8,Post-Graduate,2020-12-31
CUST-0595,23.0,Female,West,103356.71,Graduate,2021-07-15
CUST-0596,40.0,Male,South,108060.39,Post-Graduate,2023-10-19
CUST-0597,58.0,Female,South,70402.51,Secondary,2024-05-19
CUST-0598,32.0,,West,,Secondary,2020-10-31
CUST-0599,53.0,Male,East,46612.28,Graduate,2023-08-10
CUST-0600,61.0,Male,West,67715.04,Graduate,2024-05-12
